web_scraper_order,web_scraper_start_url,data,data2,data3,data4,data5,data6,data7,data8,image,item_page_title,item_page_link,Trip_Type,Trip_Name,Tags,Activity_Status,Day_Trip_Type,Duration,Price_Approximation_Text,Discounted_Price,Description_Title,Description,Description_1,Day_Trip_Description,Booking_Section_Title,Price_Breakdown_Title,Total_Adult_Price,Price_Breakdown_-_Adult,Price_Breakdown_Details,Original_Price,image_1
"1772262243-1","https://www.airporttaxis.lk/day-trips","Polonnaruwa Ancient City Tour with Minneriya Elephant Safari","From $ 37.31Per Person","3 hours","adventure","From $ 41.56","Per Person","Pickup available","Small Groups","https://www.airporttaxis.lk/_next/image?url=%2FDayTrips%2Fminneriya.jpg&w=3840&q=75","adventurePolonnaruwa Ancient City Tour with Minneriya Elephant Safari3 hoursPickup availableSmall GroupsFrom $ 41.56From $ 37.31Per Person","https://www.airporttaxis.lk/day-trips/Polonnaruwa%20Ancient%20City%20Tour%20with%20Minneriya%20Elephant%20Safari?type=adventure&minduration=3&maxduration=null&initialPrice=41.56&discountedPrice=37.31&tags=Pickup%20available,Small%20Groups&img=/DayTrips/minneriya.jpg&experience=%5B%5D","Day Trip","Polonnaruwa Ancient City Tour with Minneriya Elephant Safari","Pickup availableSmall Groups","Pickup available","adventure","hours","Per Person Approximately","$ 37.31","Description","Below are the locations for your day trip","Below are the locations for your day trip1.Royal Palace Complex2.Gal Vihara3.sacred Quadrangle4.Minneriya National ParkBegin your adventure in Polonnaruwa, a UNESCO World Heritage Site celebrated for its rich history and archaeological marvels. As you step onto its hallowed ground, you'll be transported back in time to the days of ancient Sri Lankan kingdoms. Roam among the ancient ruins, intricately carved stone sculptures, and remarkably preserved monuments that bear witness to the island's glorious past.Our experienced guides will lead you through this open-air museum, regaling you with tales of kings and kingdoms. You'll visit the Royal Palace, where royalty once resided, the awe-inspiring Gal Vihara with its colossal Buddha statues, and the sacred Quadrangle, a spiritual center rich in history. Along the way, you'll gain a deep understanding of the art, architecture, and cultural heritage that define PolonnaruwaAfter immersing yourself in the historical wonders of Polonnaruwa, it's time for an exhilarating wildlife adventure. The Minneriya National Park, just a short drive away, promises an unforgettable Minneriya Elephant Safari. This park is renowned for its incredible gatherings of elephants, often called 'The Gathering,' where herds of these magnificent creatures come together to graze, socialize, and play.Your journey into the wild begins as you board a sturdy 4x4 safari jeep, accompanied by our experienced naturalists. They'll share their deep knowledge of the park's ecosystem and its inhabitants, ensuring you witness the awe-inspiring spectacle of Sri Lankan elephants in their natural habitat. As you watch these gentle giants up close, you'll gain a newfound appreciation for their beauty and grace.","Begin your adventure in Polonnaruwa, a UNESCO World Heritage Site celebrated for its rich history and archaeological marvels. As you step onto its hallowed ground, you'll be transported back in time to the days of ancient Sri Lankan kingdoms. Roam among the ancient ruins, intricately carved stone sculptures, and remarkably preserved monuments that bear witness to the island's glorious past.","Booking","Price Breakdown","$ 74.62","Adult 1 x $ 74.62","Adult 1 x $ 74.62$ 74.62","$ 41.56","https://www.airporttaxis.lk/_next/image?url=%2FDayTrips%2Fminneriya.jpg&w=3840&q=75"
"1772262245-2","https://www.airporttaxis.lk/day-trips","Polonnaruwa Ancient City Tour with Minneriya Elephant Safari","From $ 80.72Per Person","8 hours","private tour","","Per Person","Pickup available","Small Groups","https://www.airporttaxis.lk/_next/image?url=%2FDayTrips%2Fpolonnaruwa3.jpg&w=3840&q=75","private tourPolonnaruwa Ancient City Tour with Minneriya Elephant Safari8 hoursPickup availableSmall GroupsFrom $ 80.72Per Person","https://www.airporttaxis.lk/day-trips/Polonnaruwa%20Ancient%20City%20Tour%20with%20Minneriya%20Elephant%20Safari?type=private%20tour&minduration=8&maxduration=null&initialPrice=null&discountedPrice=80.72&tags=Pickup%20available,Small%20Groups&img=/DayTrips/polonnaruwa3.jpg&experience=%5B%5D","Day Trip","Polonnaruwa Ancient City Tour with Minneriya Elephant Safari","Pickup availableSmall Groups","Pickup available","private tour","hours","Per Person Approximately","$ 80.72","Description","Below are the locations for your day trip","Below are the locations for your day trip1.Royal Palace Complex2.Gal Vihara3.sacred Quadrangle4.Minneriya National ParkBegin your adventure in Polonnaruwa, a UNESCO World Heritage Site celebrated for its rich history and archaeological marvels. As you step onto its hallowed ground, you'll be transported back in time to the days of ancient Sri Lankan kingdoms. Roam among the ancient ruins, intricately carved stone sculptures, and remarkably preserved monuments that bear witness to the island's glorious past.Our experienced guides will lead you through this open-air museum, regaling you with tales of kings and kingdoms. You'll visit the Royal Palace, where royalty once resided, the awe-inspiring Gal Vihara with its colossal Buddha statues, and the sacred Quadrangle, a spiritual center rich in history. Along the way, you'll gain a deep understanding of the art, architecture, and cultural heritage that define PolonnaruwaAfter immersing yourself in the historical wonders of Polonnaruwa, it's time for an exhilarating wildlife adventure. The Minneriya National Park, just a short drive away, promises an unforgettable Minneriya Elephant Safari. This park is renowned for its incredible gatherings of elephants, often called 'The Gathering,' where herds of these magnificent creatures come together to graze, socialize, and play.Your journey into the wild begins as you board a sturdy 4x4 safari jeep, accompanied by our experienced naturalists. They'll share their deep knowledge of the park's ecosystem and its inhabitants, ensuring you witness the awe-inspiring spectacle of Sri Lankan elephants in their natural habitat. As you watch these gentle giants up close, you'll gain a newfound appreciation for their beauty and grace.","Begin your adventure in Polonnaruwa, a UNESCO World Heritage Site celebrated for its rich history and archaeological marvels. As you step onto its hallowed ground, you'll be transported back in time to the days of ancient Sri Lankan kingdoms. Roam among the ancient ruins, intricately carved stone sculptures, and remarkably preserved monuments that bear witness to the island's glorious past.","Booking","Price Breakdown","$ 161.44","Adult 1 x $ 161.44","Adult 1 x $ 161.44$ 161.44","","https://www.airporttaxis.lk/_next/image?url=%2FDayTrips%2Fpolonnaruwa3.jpg&w=3840&q=75"
"1772262248-3","https://www.airporttaxis.lk/day-trips","From Sigiriya : Polonnaruwa Ancient City Tour | Day Tour","From $ 46.67Per Person","5 - 8 hours","private tour","","Per Person","Pickup available","Small Groups","https://www.airporttaxis.lk/_next/image?url=%2FDayTrips%2Fpolonnaruwa2.jpg&w=3840&q=75","private tourFrom Sigiriya : Polonnaruwa Ancient City Tour | Day Tour5 - 8 hoursPickup availableSmall GroupsFrom $ 46.67Per Person","https://www.airporttaxis.lk/day-trips/From%20Sigiriya%20:%20Polonnaruwa%20Ancient%20City%20Tour%20%7C%20Day%20Tour?type=private%20tour&minduration=5&maxduration=8&initialPrice=null&discountedPrice=46.67&tags=Pickup%20available,Small%20Groups&img=/DayTrips/polonnaruwa2.jpg&experience=%5B%5D","Day Trip","From Sigiriya : Polonnaruwa Ancient City Tour | Day Tour","Pickup availableSmall Groups","Pickup available","private tour","-  8","Per Person Approximately","$ 46.67","Description","Below are the locations for your day trip","Below are the locations for your day trip1.Gal Vihara2.Royal Palace Complex3.Parakrama Samudra4.Polonnaruwa Vatadage5.Lotus PondWelcome to Polonnaruwa, where history comes alive! Step into the past as you explore ancient ruins, temples, and palaces that once served as royal residences. This tour is like a trip back in time, offering a glimpse into the rich cultural heritage of Sri Lanka. Marvel at top attractions like Gal Vihara with its incredible rock-carved Buddhas, the Royal Palace Complex that makes you feel like royalty, the vast Parakrama Samudra reservoir, the intricately carved Polonnaruwa Vatadage, and the historic Lotus Pond.Enjoy your day in Polonnaruwa with ease as we handle all the details for you. Dress comfortably, stay hydrated, and immerse yourself in the experience. Keep an eye out for monkeys and birds that inhabit the area, adding a touch of nature to your historical journey. Don't forget to snap some photos to capture the memories of your adventure. Join us on a Polonnaruwa city tour to witness Sri Lanka's history and culture firsthand, making memories that will last a lifetime!","Welcome to Polonnaruwa, where history comes alive! Step into the past as you explore ancient ruins, temples, and palaces that once served as royal residences. This tour is like a trip back in time, offering a glimpse into the rich cultural heritage of Sri Lanka. Marvel at top attractions like Gal Vihara with its incredible rock-carved Buddhas, the Royal Palace Complex that makes you feel like royalty, the vast Parakrama Samudra reservoir, the intricately carved Polonnaruwa Vatadage, and the historic Lotus Pond.","Booking","Price Breakdown","$ 93.34","Adult 1 x $ 93.34","Adult 1 x $ 93.34$ 93.34","","https://www.airporttaxis.lk/_next/image?url=%2FDayTrips%2Fpolonnaruwa2.jpg&w=3840&q=75"
"1772262251-4","https://www.airporttaxis.lk/day-trips","Fom Dambulla: Sigiriya Rock & Ancient City of Polonnaruwa","From $ 139.00Per Person","8 hours","private tour","","Per Person","Pickup available","New activity","https://www.airporttaxis.lk/_next/image?url=%2FDayTrips%2Fpolonnaruwa.jpg&w=3840&q=75","private tourFom Dambulla: Sigiriya Rock & Ancient City of Polonnaruwa8 hoursPickup availableNew activityFrom $ 139.00Per Person","https://www.airporttaxis.lk/day-trips/Fom%20Dambulla:%20Sigiriya%20Rock%20&%20Ancient%20City%20of%20Polonnaruwa?type=private%20tour&minduration=8&maxduration=null&initialPrice=null&discountedPrice=139&tags=Pickup%20available,New%20activity&img=/DayTrips/polonnaruwa.jpg&experience=%5B%7B%22heading%22%3A%22Starting%20location%22%2C%22text%22%3A%22Kandalama%2C%20Habarana%2C%20Sigiriya%2C%20Dambulla%22%7D%2C%7B%22heading%22%3A%22Polonnaruwa%20Ancient%20City%22%2C%22text%22%3A%22Photo%20stop%2C%20Visit%2C%20Guided%20tour%2C%20Free%20time%2C%20Walk%22%7D%2C%7B%22heading%22%3A%22Sigiriya%20Lion%20Rock%22%2C%22text%22%3A%22Photo%20stop%2C%20Visit%2C%20Guided%20tour%2C%20Free%20time%2C%20Sightseeing%2C%20Walk%22%7D%2C%7B%22heading%22%3A%22Sigiriya%20-%20Fresco%22%2C%22text%22%3A%22Photo%20stop%2C%20Visit%2C%20Guided%20tour%2C%20Free%20time%2C%20Sightseeing%22%7D%2C%7B%22heading%22%3A%22Arrive%20back%20at%3A%22%2C%22text%22%3A%22Sigiriya%2C%20Kandalama%2C%20Dambulla%2C%20Habarana%22%7D%5D","Day Trip","Fom Dambulla: Sigiriya Rock & Ancient City of Polonnaruwa","Pickup availableNew activity","Pickup available","private tour","hours","Per Person Approximately","$ 139.00","Description","Below are the locations for your day trip","Below are the locations for your day trip1.Royal Palace2.Nissankamulla Palace3.Gal Viharaya4.Thuparama stupa5.Lankathilaka stupa6.Vatadage7.Rankoth Vehera8.Parakramabahu Statue9.Sigiriya Rock Fortress,Begin your exciting day with a pick-up from your hotel, heading towards Sigiriya.Proceed to Polonnaruwa, another ancient city steeped in history. Embark on a guided 3.5-hour tour of Polonnaruwa Ancient City, a remarkable World Heritage Site from the 12th century. Marvel at the palaces, dagobas, and temples that exemplify the brilliance of Sri Lankan historical craftsmanship. During the tour, visit key landmarks such as the Royal Palace, Nissankamulla Palace, Gal Viharaya, Thuparama stupa, Lankathilaka stupa, Vatadage, Rankoth Vehera, and Parakramabahu Statue, each holding captivating stories from the past.Climb and visit the majestic Sigiriya Rock Fortress, an ancient marvel built by King Kashyapa in the 5th century. Standing 660 feet tall, this Unesco World Heritage Site, also known as Lion's Rock or Sinhagiri, offers breathtaking views and a glimpse into Sri Lanka's rich history. Ascend the 1200 steps to reach the top and explore the well-preserved ruins of the ancient palace and water gardens. The impressive lion carving at the entrance and the innovative irrigational and archaeological technologies still in use make Sigiriya a wonder of the world. The well-designed ramparts and moats surrounding the rock are a testament to its powerful defense.As the tour concludes, return to your hotel, reflecting on the awe-inspiring historical wonders and cultural heritage experienced in Sigiriya and Polonnaruwa.","Begin your exciting day with a pick-up from your hotel, heading towards Sigiriya.","Booking","Price Breakdown","$ 278.00","Adult 1 x $ 278.00","Adult 1 x $ 278.00$ 278.00","","https://www.airporttaxis.lk/_next/image?url=%2FDayTrips%2Fpolonnaruwa.jpg&w=3840&q=75"
"1772262254-5","https://www.airporttaxis.lk/day-trips","From Sigiriya, ANURADHAPURA UNESCO CITY day tour and safari","From $ 74.05Per Person","12 hours","private tour","From $ 78.00","Per Person","Pickup available","New activity","https://www.airporttaxis.lk/_next/image?url=%2FDayTrips%2Fanuradhapura.jpg&w=3840&q=75","private tourFrom Sigiriya, ANURADHAPURA UNESCO CITY day tour and safari12 hoursPickup availableNew activityFrom $ 78.00From $ 74.05Per Person","https://www.airporttaxis.lk/day-trips/From%20Sigiriya,%20ANURADHAPURA%20UNESCO%20CITY%20day%20tour%20and%20safari?type=private%20tour&minduration=12&maxduration=null&initialPrice=78&discountedPrice=74.05&tags=Pickup%20available,New%20activity&img=/DayTrips/anuradhapura.jpg&experience=%5B%7B%22heading%22%3A%22Starting%20location%22%2C%22text%22%3A%22Sigiriya%22%7D%2C%7B%22heading%22%3A%22Car%22%2C%22text%22%3A%22(30%20minutes)%22%7D%2C%7B%22heading%22%3A%22Minneriya%20National%20Park%22%2C%22text%22%3A%22Game%20drive%2C%20Wildlife%20viewing%20(3%20hours)%22%7D%2C%7B%22heading%22%3A%22Habarana%22%2C%22text%22%3A%22Break%20time%2C%20Lunch%20(30%20minutes)%22%7D%2C%7B%22heading%22%3A%22Car%22%2C%22text%22%3A%22(1.5%20hours)%22%7D%2C%7B%22heading%22%3A%22Anuradhapura%22%2C%22text%22%3A%22Guided%20tour%2C%20Sightseeing%20(3%20hours)%22%7D%2C%7B%22heading%22%3A%22Car%22%2C%22text%22%3A%22(1.5%20hours)%22%7D%2C%7B%22heading%22%3A%22Arrive%20back%20at%3A%22%2C%22text%22%3A%22Sigiriya%22%7D%5D","Day Trip","From Sigiriya, ANURADHAPURA UNESCO CITY day tour and safari","Pickup availableNew activity","Pickup available","private tour","hours","Per Person Approximately","$ 74.05","Description","Below are the locations for your day trip","Below are the locations for your day trip1.Sacred Bodhi Tree2.Ruwanwelisaya Stupa3.The Royal Palace and Abhayagiri Monastery4.Isurumuniya Vihara5.Twin Ponds6.Moonstone7.WessagiriyaExplore Anuradhapura's ancient marvels on a day tour from Sigiriya. We invite you to journey through one of Sri Lanka’s most historically rich cities.Begin with a hotel pickup in Sigiriya, traveling comfortably in an air-conditioned vehicle through lush landscapes to Anuradhapura.Discover this UNESCO World Heritage Site, renowned for its well-preserved ruins, stupas, and intricate carvings. Visit the Jaya Sri Maha Bodhi, a sacred fig tree revered in Buddhism for over 2,000 years. Marvel at the Ruwanwelisaya Stupa, a towering monument symbolizing ancient Sri Lankan engineering prowessExplore remnants of the Royal Palace and Abhayagiri Monastery, offering insights into ancient Sri Lankan life. Admire rock carvings at Isurumuniya Vihara, showcasing the artistic talents of ancient craftsmen. Visit the Twin Ponds, an engineering marvel providing a serene setting for reflection and photography.Experience the ancient Moonstone, a carved stone slab representing the cycle of life. Explore Wessagiriya, an ancient monastic complex nestled amidst rocky outcrops. Enjoy traditional Sri Lankan cuisine at a local restaurant.(not included) Enriched by profound experiences, return to Sigiriya with a deeper understanding of Sri Lanka’s history and culture.","Explore Anuradhapura's ancient marvels on a day tour from Sigiriya. We invite you to journey through one of Sri Lanka’s most historically rich cities.","Booking","Price Breakdown","$ 148.10","Adult 1 x $ 148.10","Adult 1 x $ 148.10$ 148.10","$ 78.00","https://www.airporttaxis.lk/_next/image?url=%2FDayTrips%2Fanuradhapura.jpg&w=3840&q=75"
"1772262258-6","https://www.airporttaxis.lk/day-trips","Kandy City Tours","From $ 41.50Per Person","8 hours","day trip","From $ 49.00","Per Person","Pickup available","New activity","https://www.airporttaxis.lk/_next/image?url=%2FDayTrips%2Fkandy2.jpg&w=3840&q=75","day tripKandy City Tours8 hoursPickup availableNew activityFrom $ 49.00From $ 41.50Per Person","https://www.airporttaxis.lk/day-trips/Kandy%20City%20Tours?type=day%20trip&minduration=8&maxduration=null&initialPrice=49&discountedPrice=41.5&tags=Pickup%20available,New%20activity&img=/DayTrips/kandy2.jpg&experience=%5B%7B%22heading%22%3A%22Starting%20location%22%2C%22text%22%3A%22Kandy%22%7D%2C%7B%22heading%22%3A%22Bahirawakanda%20Temple%22%2C%22text%22%3A%22Visit%20(1%20hour)%22%7D%2C%7B%22heading%22%3A%22Gem%20Museum%22%2C%22text%22%3A%22Visit%20(1%20hour)%22%7D%2C%7B%22heading%22%3A%22Batik%20Factory%22%2C%22text%22%3A%22Photo%20stop%2C%20Visit%2C%20Shopping%2C%20Sightseeing%2C%20Walk%20(2%20hours)%22%7D%2C%7B%22heading%22%3A%22Temple%20of%20the%20Sacred%20Tooth%20Relic%22%2C%22text%22%3A%22Visit%20(2%20hours)%22%7D%2C%7B%22heading%22%3A%22Arrive%20back%20at%3A%22%2C%22text%22%3A%22Kandy%22%7D%5D","Day Trip","Kandy City Tours","Pickup availableNew activity","Pickup available","day trip","hours","Per Person Approximately","$ 41.50","Description","Below are the locations for your day trip","Below are the locations for your day trip1.Bahirawakanda Temple2.Nelligala Temple3.Geragama Tea Factory4.Royal Botanical Garden5.Gem Museum6.Batik Factory7.Temple of the Sacred Tooth RelicEmbark on an enriching journey through Kandy, the cultural heart of Sri Lanka, with a guided city tour. Visit iconic landmarks and hidden gems with a local guide.Begin your tour with a visit to the Bahirawakanda Temple, located 4 kilometers from Kandy. Continue to the Nelligala Temple, 13 kilometers away, and the Geragama Tea Factory, 9 kilometers away.Visit the Gem Museum, 400 meters away, and the Wood Carving Factory, 2 kilometers away. Stop at the Kandy City View Point, 4 kilometers away, and the Batik Factory, 400 meters away.Watch a Kandyan Culture Dancing performance, 500 meters away, and visit the Temple of the Sacred Tooth Relic, 300 meters away. Finally, be dropped off back at your hotel","Embark on an enriching journey through Kandy, the cultural heart of Sri Lanka, with a guided city tour. Visit iconic landmarks and hidden gems with a local guide.","Booking","Price Breakdown","$ 83.00","Adult 1 x $ 83.00","Adult 1 x $ 83.00$ 83.00","$ 49.00","https://www.airporttaxis.lk/_next/image?url=%2FDayTrips%2Fkandy2.jpg&w=3840&q=75"
"1772262261-7","https://www.airporttaxis.lk/day-trips","Kandy to Sigiriya Dambulla & Minneriya Park Safari Day Tour","From $ 42.20Per Person","24 hours","private tour","From $ 47.00","Per Person","Pickup available","New activity","https://www.airporttaxis.lk/_next/image?url=%2FDayTrips%2Fsigiriya6.jpg&w=3840&q=75","private tourKandy to Sigiriya Dambulla & Minneriya Park Safari Day Tour24 hoursPickup availableNew activityFrom $ 47.00From $ 42.20Per Person","https://www.airporttaxis.lk/day-trips/Kandy%20to%20Sigiriya%20Dambulla%20&%20Minneriya%20Park%20Safari%20Day%20Tour?type=private%20tour&minduration=24&maxduration=null&initialPrice=47&discountedPrice=42.2&tags=Pickup%20available,New%20activity&img=/DayTrips/sigiriya6.jpg&experience=%5B%7B%22heading%22%3A%22Starting%20location%22%2C%22text%22%3A%22Kandy%22%7D%2C%7B%22heading%22%3A%22Car%22%2C%22text%22%3A%22(3.5%20hours)%22%7D%2C%7B%22heading%22%3A%22Sigiriya%20Lion%20Rock%22%2C%22text%22%3A%22Visit%2C%20Sightseeing%2C%20Walk%20(2.5%20hours)%22%7D%2C%7B%22heading%22%3A%22Minneriya%20National%20Park%22%2C%22text%22%3A%22Visit%2C%20Sightseeing%2C%20Game%20drive%2C%20Wildlife%20viewing%20(4%20hours)%22%7D%2C%7B%22heading%22%3A%22Dambulla%20Royal%20Cave%20Temple%20and%20Golden%20Temple%22%2C%22text%22%3A%22Visit%2C%20Sightseeing%2C%20Scenic%20views%20on%20the%20way%20(1.5%20hours)%22%7D%2C%7B%22heading%22%3A%22Arrive%20back%20at%3A%22%2C%22text%22%3A%22Kandy%22%7D%5D","Day Trip","Kandy to Sigiriya Dambulla & Minneriya Park Safari Day Tour","Pickup availableNew activity","Pickup available","private tour","hours","Per Person Approximately","$ 42.20","Description","Below are the locations for your day trip","Below are the locations for your day trip1.Sigiriya Lion Rock2.Minneriya National Park3.Dambulla Cave Temple and Golden Temple4.Sri Lanka Herbal and Spice GardenStart with a hotel pickup and journey to the UNESCO-listed Dhambulla Golden Cave Temple. Marvel at ancient Buddhist statues and intricate wall paintings within the caves.Continue to Sigiriya, the renowned 'Lion Rock.' Ascend to the top for panoramic views of the landscapes.Visit a local village to experience traditional Sri Lankan life, engaging with locals and witnessing activities like farming and cooking.Conclude the day with a visit to Minneriya National Park, famous for its wild elephant population. Enjoy a thrilling jeep safari for an up-close encounter with these magnificent creatures in their natural habitat","Start with a hotel pickup and journey to the UNESCO-listed Dhambulla Golden Cave Temple. Marvel at ancient Buddhist statues and intricate wall paintings within the caves.","Booking","Price Breakdown","$ 84.40","Adult 1 x $ 84.40","Adult 1 x $ 84.40$ 84.40","$ 47.00","https://www.airporttaxis.lk/_next/image?url=%2FDayTrips%2Fsigiriya6.jpg&w=3840&q=75"
"1772262264-8","https://www.airporttaxis.lk/day-trips","From Kandy: Sigiriya Rock and Dambulla Cave Temple Day Tour","From $ 72.55Per Person","24 hours","private tour","From $ 80.72","Per Person","Pickup available","New activity","https://www.airporttaxis.lk/_next/image?url=%2FDayTrips%2Fsigiriya5.jpg&w=3840&q=75","private tourFrom Kandy: Sigiriya Rock and Dambulla Cave Temple Day Tour24 hoursPickup availableNew activityFrom $ 80.72From $ 72.55Per Person","https://www.airporttaxis.lk/day-trips/From%20Kandy:%20Sigiriya%20Rock%20and%20Dambulla%20Cave%20Temple%20Day%20Tour?type=private%20tour&minduration=24&maxduration=null&initialPrice=80.72&discountedPrice=72.55&tags=Pickup%20available,New%20activity&img=/DayTrips/sigiriya5.jpg&experience=%5B%7B%22heading%22%3A%22Starting%20location%22%2C%22text%22%3A%22Kandy%22%7D%2C%7B%22heading%22%3A%22Sigiriya%22%2C%22text%22%3A%22Sightseeing%2C%20Sunset%2C%20Scenic%20views%20on%20the%20way%20(3.5%20hours)%22%7D%2C%7B%22heading%22%3A%22Sigiriya%20Lion%20Rock%22%2C%22text%22%3A%22Sightseeing%2C%20Sunset%2C%20Scenic%20views%20on%20the%20way%20(2.5%20hours)%22%7D%2C%7B%22heading%22%3A%22Dambulla%20Royal%20Cave%20Temple%20and%20Golden%20Temple%22%2C%22text%22%3A%22Sightseeing%20(2%20hours)%22%7D%2C%7B%22heading%22%3A%22Car%22%2C%22text%22%3A%22(3.5%20hours)%22%7D%2C%7B%22heading%22%3A%22Arrive%20back%20at%3A%22%2C%22text%22%3A%22Kandy%22%7D%5D","Day Trip","From Kandy: Sigiriya Rock and Dambulla Cave Temple Day Tour","Pickup availableNew activity","Pickup available","private tour","hours","Per Person Approximately","$ 72.55","Description","Below are the locations for your day trip","Below are the locations for your day trip1.Sigiriya Lion Rock2.Herbal and Spice Garden3.Dambulla Cave Temple and Golden Temple4.Gem and Wood CraftingMarvel at the ancient rock fortress of Sigiriya, a UNESCO World Heritage Site. Discover the historical significance and architectural brilliance of this iconic landmark.Immerse yourself in the rich aromas and healing properties of Sri Lanka's herbs and spices. Explore a local garden to learn about the diverse flora that contributes to the country's traditional medicine.Delve into the mystical ambiance of Dambulla Cave Temple, another UNESCO World Heritage Site. Admire the intricate cave paintings and statues that tell tales of Sri Lanka's religious and cultural heritage. Visit the nearby Golden Temple to witness its splendorExplore the craftsmanship of local artisans as you visit gem and wood crafting centers. Discover the artistry behind Sri Lanka's gem industry and the intricate woodwork that reflects the country's cultural heritage.This day tour promises a perfect blend of history, nature, and cultural exploration in the enchanting surroundings of Dambulla and Sigiriya","Marvel at the ancient rock fortress of Sigiriya, a UNESCO World Heritage Site. Discover the historical significance and architectural brilliance of this iconic landmark.","Booking","Price Breakdown","$ 145.10","Adult 1 x $ 145.10","Adult 1 x $ 145.10$ 145.10","$ 80.72","https://www.airporttaxis.lk/_next/image?url=%2FDayTrips%2Fsigiriya5.jpg&w=3840&q=75"
"1772262266-9","https://www.airporttaxis.lk/day-trips","From Ella: Lipton Seat & Dambatenne Tea Factory Day Tour","From $ 47.00Per Person","8 hours","day trip","","Per Person","Pickup available","","https://www.airporttaxis.lk/_next/image?url=%2FDayTrips%2Fella3.jpg&w=3840&q=75","day tripFrom Ella: Lipton Seat & Dambatenne Tea Factory Day Tour8 hoursPickup availableFrom $ 47.00Per Person","https://www.airporttaxis.lk/day-trips/From%20Ella:%20Lipton%20Seat%20&%20Dambatenne%20Tea%20Factory%20Day%20Tour?type=day%20trip&minduration=8&maxduration=null&initialPrice=null&discountedPrice=47&tags=Pickup%20available&img=/DayTrips/ella3.jpg&experience=%5B%7B%22heading%22%3A%22Starting%20location%22%2C%22text%22%3A%22Ella%22%7D%2C%7B%22heading%22%3A%22Car%22%2C%22text%22%3A%22(75%20minutes)%22%7D%2C%7B%22heading%22%3A%22Dambethenna%20Tea%20Factory%22%2C%22text%22%3A%22Visit%2C%20Guided%20tour%2C%20Shopping%2C%20Walk%2C%20Self-guided%20tour%20(45%20minutes)%22%7D%2C%7B%22heading%22%3A%22Tuk%20tuk%22%2C%22text%22%3A%22(30%20minutes)%22%7D%2C%7B%22heading%22%3A%22Lipton%27s%20Seat%22%2C%22text%22%3A%22Walk%2C%20Self-guided%20tour%2C%20Scenic%20views%20on%20the%20way%20(45%20minutes)%22%7D%2C%7B%22heading%22%3A%22Car%22%2C%22text%22%3A%22(2%20hours)%22%7D%2C%7B%22heading%22%3A%22Arrive%20back%20at%3A%22%2C%22text%22%3A%22Ella%22%7D%5D","Day Trip","From Ella: Lipton Seat & Dambatenne Tea Factory Day Tour","Pickup available","Pickup available","day trip","hours","Per Person Approximately","$ 47.00","Description","Below are the locations for your day trip","Below are the locations for your day trip1.Dambethenna Tea Factory2.Lipton's SeatExplore the Dambatenne countryside, head past green fields and tea plantations for the chance to see traditional life in the area.Start your tour as you head to Dambatenne Tea Factory, built in 1890 by Sir Thomas Lipton, one of the most famous figures in tea history. Take a tour through the works for an education on the processes involved in the fermentation, rolling, drying, cutting, sieving and grading of tea. Enjoy one of the most comprehensive tea factory tours around, and afterwards, take the chance to try a cup.Move on to Lipton’s Seat Lookout, one of Sri Lanka's most impressive viewpoints. Here, Sir Thomas Lipton used to survey his burgeoning empire, and today it's said you can see across emerald hills and tea estates to no fewer than seven different provinces.","Explore the Dambatenne countryside, head past green fields and tea plantations for the chance to see traditional life in the area.","Booking","Price Breakdown","$ 94.00","Adult 1 x $ 94.00","Adult 1 x $ 94.00$ 94.00","","https://www.airporttaxis.lk/_next/image?url=%2FDayTrips%2Fella3.jpg&w=3840&q=75"
"1772262270-10","https://www.airporttaxis.lk/day-trips","Ella: Little Adam's Peak and Nine Arch Bridge Half-Day Tour","From $ 39.00Per Person","4 hours","guided tour","","Per Person","New activity","Small Groups","https://www.airporttaxis.lk/_next/image?url=%2FDayTrips%2Fella2.jpg&w=3840&q=75","guided tourElla: Little Adam's Peak and Nine Arch Bridge Half-Day Tour4 hoursNew activitySmall GroupsFrom $ 39.00Per Person","https://www.airporttaxis.lk/day-trips/Ella:%20Little%20Adam's%20Peak%20and%20Nine%20Arch%20Bridge%20Half-Day%20Tour?type=guided%20tour&minduration=4&maxduration=null&initialPrice=null&discountedPrice=39&tags=New%20activity,Small%20Groups&img=/DayTrips/ella2.jpg&experience=%5B%7B%22heading%22%3A%22Starting%20location%22%2C%22text%22%3A%22Ella%2C%20Wellawaya-Ella-Kumbalwela%20Highway%22%7D%2C%7B%22heading%22%3A%22Little%20Adam%27s%20Peak%22%2C%22text%22%3A%22Guided%20tour%20(2.5%20hours)%22%7D%2C%7B%22heading%22%3A%22Nine%20Arch%20Bridge%22%2C%22text%22%3A%22Sightseeing%20(1.5%20hours)%22%7D%2C%7B%22heading%22%3A%22Arrive%20back%20at%3A%22%2C%22text%22%3A%22Ella%2C%20Wellawaya-Ella-Kumbalwela%20Highway%22%7D%5D","Day Trip","Ella: Little Adam's Peak and Nine Arch Bridge Half-Day Tour","New activitySmall Groups","New activity","guided tour","hours","Per Person Approximately","$ 39.00","Description","Below are the locations for your day trip","Below are the locations for your day trip1.Little Adam's Peak2.Nine Arch BridgeDiscover the beauty of Ella on this half day tour. Your personal guide will take you to the famous Nine Arch Bridge before you witness the stunning views of Ella's natural beauty from Little Adam's Peak.Stroll along the unique attraction of the Nine Arch Bridge railway, spanning 91 meters alongside dense jungle and agricultural settings. Stop for photos of the nine arches. With the forest booming behind the railway and the tea leaves cultivated below from the plantations, the beautiful bridge stands out from the epic scenery as a picturesque masterpiece. The bridge is built entirely from rocks and bricks, without metal or steel.Next, your guide will take you on a small hike to Little Adam's Peak to see the greenery of Ella, surrounded by tea fields and rural beauty. The moderate trail winds through tea plantations, where you may see locals working and picking the tea leaves. The trail offers multiple platforms, rocks and viewpoints perfect for photos, with the view getting more spectacular as you walk along the ridge to the summit. Take in the unbelievable views across the mountain highlands of Sri Lanka, before you walk back down to finish the tour.Transfers are included to bring you to and from your hotel for the half day tour via tuk tuk. Water is provided for you, to keep you hydrated throughout the walk. Chose from a morning or afternoon start time.","Discover the beauty of Ella on this half day tour. Your personal guide will take you to the famous Nine Arch Bridge before you witness the stunning views of Ella's natural beauty from Little Adam's Peak.","Booking","Price Breakdown","$ 78.00","Adult 1 x $ 78.00","Adult 1 x $ 78.00$ 78.00","","https://www.airporttaxis.lk/_next/image?url=%2FDayTrips%2Fella2.jpg&w=3840&q=75"
"1772262273-11","https://www.airporttaxis.lk/day-trips","From Ella: All-Inclusive Day Trip to 5 Landmarks","From $ 66.57Per Person","24 hours","day trip","From $ 77.32","Per Person","New activity","","https://www.airporttaxis.lk/_next/image?url=%2FDayTrips%2Fella.jpg&w=3840&q=75","day tripFrom Ella: All-Inclusive Day Trip to 5 Landmarks24 hoursNew activityFrom $ 77.32From $ 66.57Per Person","https://www.airporttaxis.lk/day-trips/From%20Ella:%20All-Inclusive%20Day%20Trip%20to%205%20Landmarks?type=day%20trip&minduration=24&maxduration=null&initialPrice=77.32&discountedPrice=66.57&tags=New%20activity&img=/DayTrips/ella.jpg&experience=%5B%7B%22heading%22%3A%22Starting%20location%22%2C%22text%22%3A%22Ella%2C%20Bandarawela%2C%20Haputale%22%7D%2C%7B%22heading%22%3A%22Black%20cab%22%2C%22text%22%3A%22(30%20minutes)%22%7D%2C%7B%22heading%22%3A%22Ella%20Rock%22%2C%22text%22%3A%22Break%20time%2C%20Photo%20stop%2C%20Guided%20tour%2C%20Free%20time%2C%20Sightseeing%2C%20Walk%2C%20Scenic%20views%20on%20the%20way%20(20%20minutes)%22%7D%2C%7B%22heading%22%3A%22Black%20cab%22%2C%22text%22%3A%22(30%20minutes)%22%7D%2C%7B%22heading%22%3A%22Local%20restaurant%22%2C%22text%22%3A%22Coffee%2C%20Tea%2C%20Local%20snacks%20(30%20minutes)%22%7D%2C%7B%22heading%22%3A%22Black%20cab%22%2C%22text%22%3A%22(30%20minutes)%22%7D%2C%7B%22heading%22%3A%22Demodara%20Railway%20Loop%20Viewpoint%22%2C%22text%22%3A%22Break%20time%2C%20Photo%20stop%2C%20Visit%2C%20Guided%20tour%2C%20Free%20time%2C%20Sightseeing%2C%20Walk%2C%20Scenic%20views%20on%20the%20way%20(20%20minutes)%22%7D%2C%7B%22heading%22%3A%22Black%20cab%22%2C%22text%22%3A%22(20%20minutes)%22%7D%2C%7B%22heading%22%3A%22Nine%20Arch%20Bridge%22%2C%22text%22%3A%22Break%20time%2C%20Photo%20stop%2C%20Visit%2C%20Guided%20tour%2C%20Free%20time%2C%20Sightseeing%2C%20Walk%2C%20Scenic%20views%20on%20the%20way%20(20%20minutes)%22%7D%2C%7B%22heading%22%3A%22Black%20cab%22%2C%22text%22%3A%22(20%20minutes)%22%7D%2C%7B%22heading%22%3A%22Ravana%20Falls%22%2C%22text%22%3A%22Break%20time%2C%20Photo%20stop%2C%20Visit%2C%20Guided%20tour%2C%20Free%20time%2C%20Sightseeing%2C%20Walk%2C%20Scenic%20views%20on%20the%20way%20(20%20minutes)%22%7D%2C%7B%22heading%22%3A%22Black%20cab%22%2C%22text%22%3A%22(20%20minutes)%22%7D%2C%7B%22heading%22%3A%22Local%20restaurant%22%2C%22text%22%3A%22Lunch%20(45%20minutes)%22%7D%2C%7B%22heading%22%3A%22Black%20cab%22%2C%22text%22%3A%22(20%20minutes)%22%7D%2C%7B%22heading%22%3A%22Little%20Adam%27s%20Peak%22%2C%22text%22%3A%22Break%20time%2C%20Photo%20stop%2C%20Visit%2C%20Guided%20tour%2C%20Free%20time%2C%20Sightseeing%2C%20Walk%2C%20Scenic%20views%20on%20the%20way%20(20%20minutes)%22%7D%2C%7B%22heading%22%3A%22Flying%20Ravana%20Mega%20Zipline%22%2C%22text%22%3A%22Break%20time%2C%20Photo%20stop%2C%20Visit%2C%20Free%20time%2C%20Sightseeing%2C%20Scenic%20views%20on%20the%20way%2C%20Zipline%20(30%20minutes)%22%7D%2C%7B%22heading%22%3A%22Black%20cab%22%2C%22text%22%3A%22(25%20minutes)%22%7D%2C%7B%22heading%22%3A%22Arrive%20back%20at%3A%22%2C%22text%22%3A%22Ella%2C%20Haputale%2C%20Bandarawela%22%7D%5D","Day Trip","From Ella: All-Inclusive Day Trip to 5 Landmarks","New activity","New activity","day trip","hours","Per Person Approximately","$ 66.57","Description","Below are the locations for your day trip","Below are the locations for your day trip1.Ella Rock2.Demodara Railway Loop Viewpoint3.Nine Arch Bridge4.Ravana Falls5.Little Adam's Peak6.Flying Ravana Mega ZiplineEmbark on an unforgettable journey to explore the enchanting village paradise of Ella, nestled in the central highlands of Sri Lanka, with our guided tour. Immerse yourself in the spectacular scenery, tranquil atmosphere, and rich cultural heritage as you visit the most iconic tourist attractions, including the Nine Arches Bridge, Ella Rock, Little Adam’s Peak, Demodara Loop, and Rawana Waterfall. Let our experienced guide lead the way as you uncover the best of Ella's natural wonders and cultural landmarks.Your tour begins with a pickup from your hotel in the Ella, Bandarawela , Haputhale area, where you'll meet your guide and set off on your adventure.Start your day with a scenic hike to Ella Rock, a breathtaking vantage point offering panoramic views of the surrounding landscapes. Take a break for refreshments amidst the natural beauty.Explore the iconic Nine Arches Bridge, a fascinating example of colonial engineering that spans across lush green valleys.Next, marvel at the engineering marvel of Demodara Loop, where the railway line loops back under itself, creating a captivating spectacle.Experience the majestic beauty of Rawana Waterfall, where cascading waters plunge into a serene pool surrounded by verdant foliage.Embark on a memorable hike to Little Adam’s Peak, renowned for its stunning views of the Ella region and beyond.Watch the mesmerizing sunset over the mountains from the summit of Little Adam's Peak, capturing unforgettable moments.Conclude your tour with a drop-off back at your hotel in Ella,Bandarawela , Haputhale, filled with memories of your exhilarating day of exploration.","Embark on an unforgettable journey to explore the enchanting village paradise of Ella, nestled in the central highlands of Sri Lanka, with our guided tour. Immerse yourself in the spectacular scenery, tranquil atmosphere, and rich cultural heritage as you visit the most iconic tourist attractions, including the Nine Arches Bridge, Ella Rock, Little Adam’s Peak, Demodara Loop, and Rawana Waterfall. Let our experienced guide lead the way as you uncover the best of Ella's natural wonders and cultural landmarks.","Booking","Price Breakdown","$ 133.14","Adult 1 x $ 133.14","Adult 1 x $ 133.14$ 133.14","$ 77.32","https://www.airporttaxis.lk/_next/image?url=%2FDayTrips%2Fella.jpg&w=3840&q=75"
"1772262276-12","https://www.airporttaxis.lk/day-trips","Yala National Park Wildlife safari from Galle","From $ 99.00Per Person","7 hours","day trip","","Per Person","New activity","","https://www.airporttaxis.lk/_next/image?url=%2FDayTrips%2Fyala.jpg&w=3840&q=75","day tripYala National Park Wildlife safari from Galle7 hoursNew activityFrom $ 99.00Per Person","https://www.airporttaxis.lk/day-trips/Yala%20National%20Park%20Wildlife%20safari%20from%20Galle?type=day%20trip&minduration=7&maxduration=null&initialPrice=null&discountedPrice=99&tags=New%20activity&img=/DayTrips/yala.jpg&experience=%5B%7B%22heading%22%3A%22Starting%20location%22%2C%22text%22%3A%22Galle%2C%20Hikkaduwa%2C%20Ahangama%2C%20Unawatuna%2C%20Mirissa%2C%20Weligama%22%7D%2C%7B%22heading%22%3A%22Car%22%2C%22text%22%3A%22(2.5%20hours)%22%7D%2C%7B%22heading%22%3A%22Yala%20National%20Park%22%2C%22text%22%3A%22Game%20drive%2C%20Wildlife%20viewing%20(4%20hours)%22%7D%2C%7B%22heading%22%3A%22Car%22%2C%22text%22%3A%22(2.5%20hours)%22%7D%2C%7B%22heading%22%3A%22Arrive%20back%20at%3A%22%2C%22text%22%3A%22Galle%22%7D%5D","Day Trip","Yala National Park Wildlife safari from Galle","New activity","New activity","day trip","hours","Per Person Approximately","$ 99.00","Description","Below are the locations for your day trip","Below are the locations for your day trip1.Yala National ParkYour day will begin with pick-up at Galle and proceed to Yala national park. Yala National Park, located on the southeastern coast of Sri Lanka, is the country's most famous and diverse wildlife sanctuary. Known for its remarkable leopard population, it offers thrilling opportunities to spot these elusive cats. The park's picturesque landscapes encompass lush forests, arid plains, and a stunning coastline, making it a haven for wildlife enthusiasts and nature lovers. Visitors can embark on jeep safaris guided by experts, witnessing not only leopards but also elephants, birds, and other fascinating creatures in their natural habitat. With its rich biodiversity and conservation efforts, Yala National Park promises an unforgettable wildlife adventure in a pristine natural environment. You can either return to your accommodation at Galle.","Your day will begin with pick-up at Galle and proceed to Yala national park. Yala National Park, located on the southeastern coast of Sri Lanka, is the country's most famous and diverse wildlife sanctuary. Known for its remarkable leopard population, it offers thrilling opportunities to spot these elusive cats. The park's picturesque landscapes encompass lush forests, arid plains, and a stunning coastline, making it a haven for wildlife enthusiasts and nature lovers. Visitors can embark on jeep safaris guided by experts, witnessing not only leopards but also elephants, birds, and other fascinating creatures in their natural habitat. With its rich biodiversity and conservation efforts, Yala National Park promises an unforgettable wildlife adventure in a pristine natural environment. You can either return to your accommodation at Galle.","Booking","Price Breakdown","$ 198.00","Adult 1 x $ 198.00","Adult 1 x $ 198.00$ 198.00","","https://www.airporttaxis.lk/_next/image?url=%2FDayTrips%2Fyala.jpg&w=3840&q=75"
"1772262279-13","https://www.airporttaxis.lk/day-trips","Udawalawe National Park Wildlife Safari from Galle","From $ 99.00Per Person","7 hours","private tour","","Per Person","New activity","","https://www.airporttaxis.lk/_next/image?url=%2FDayTrips%2Fudawalawa.jpg&w=3840&q=75","private tourUdawalawe National Park Wildlife Safari from Galle7 hoursNew activityFrom $ 99.00Per Person","https://www.airporttaxis.lk/day-trips/Udawalawe%20National%20Park%20Wildlife%20Safari%20from%20Galle?type=private%20tour&minduration=7&maxduration=null&initialPrice=null&discountedPrice=99&tags=New%20activity&img=/DayTrips/udawalawa.jpg&experience=%5B%7B%22heading%22%3A%22Starting%20location%22%2C%22text%22%3A%22Galle%22%7D%2C%7B%22heading%22%3A%22Car%22%2C%22text%22%3A%22(2.5%20hours)%22%7D%2C%7B%22heading%22%3A%22Udawalawa%20National%20Park%22%2C%22text%22%3A%22Game%20drive%2C%20Wildlife%20viewing%20(3%20hours)%22%7D%2C%7B%22heading%22%3A%22Local%20restaurant%22%2C%22text%22%3A%22Lunch%20(45%20minutes)%22%7D%2C%7B%22heading%22%3A%22Udawalawe%20Elephant%20Transit%20Home%22%2C%22text%22%3A%22Wildlife%20viewing%20(45%20minutes)%22%7D%2C%7B%22heading%22%3A%22Car%22%2C%22text%22%3A%22(2.5%20hours)%22%7D%2C%7B%22heading%22%3A%22Arrive%20back%20at%3A%22%2C%22text%22%3A%22Galle%22%7D%5D","Day Trip","Udawalawe National Park Wildlife Safari from Galle","New activity","New activity","private tour","hours","Per Person Approximately","$ 99.00","Description","Below are the locations for your day trip","Below are the locations for your day trip1.Udawalawe National ParkYour day will begin with pick-up at Galle. Then, relax on the 1 and half hour drive to Udawalawe National Park, created in the 1970s to provide a sanctuary for wild animals displaced by the construction of the Udawalawe Reservoir on the Walawe River. Udawalawe National Park is a renowned wildlife sanctuary known for its diverse and abundant wildlife, with a special focus on its large elephant population, Now the third most visited park in Sri Lanka. The park's picturesque landscapes encompass lush grasslands, forests, and a scenic reservoir Here, you'll embark on a thrilling jeep safari. Visitors can embark on thrilling jeep safaris led by expert guides to observe elephants, leopards, birds, and other fascinating creatures in their natural habitat. Udawalawe National Park is not only a wildlife haven but also a place of conservation and environmental significance, making it a must-visit destination for nature enthusiasts and wildlife lovers.","Your day will begin with pick-up at Galle. Then, relax on the 1 and half hour drive to Udawalawe National Park, created in the 1970s to provide a sanctuary for wild animals displaced by the construction of the Udawalawe Reservoir on the Walawe River. Udawalawe National Park is a renowned wildlife sanctuary known for its diverse and abundant wildlife, with a special focus on its large elephant population, Now the third most visited park in Sri Lanka. The park's picturesque landscapes encompass lush grasslands, forests, and a scenic reservoir Here, you'll embark on a thrilling jeep safari. Visitors can embark on thrilling jeep safaris led by expert guides to observe elephants, leopards, birds, and other fascinating creatures in their natural habitat. Udawalawe National Park is not only a wildlife haven but also a place of conservation and environmental significance, making it a must-visit destination for nature enthusiasts and wildlife lovers.","Booking","Price Breakdown","$ 198.00","Adult 1 x $ 198.00","Adult 1 x $ 198.00$ 198.00","","https://www.airporttaxis.lk/_next/image?url=%2FDayTrips%2Fudawalawa.jpg&w=3840&q=75"
"1772262283-14","https://www.airporttaxis.lk/day-trips","Day excursion to Diyaluma waterfall from Galle Weligama","From $ 74.00Per Person","13 hours","private tour","","Per Person","New activity","","https://www.airporttaxis.lk/_next/image?url=%2FDayTrips%2Fdiyaluma.jpg&w=3840&q=75","private tourDay excursion to Diyaluma waterfall from Galle Weligama13 hoursNew activityFrom $ 74.00Per Person","https://www.airporttaxis.lk/day-trips/Day%20excursion%20to%20Diyaluma%20waterfall%20from%20Galle%20Weligama?type=private%20tour&minduration=13&maxduration=null&initialPrice=null&discountedPrice=74&tags=New%20activity&img=/DayTrips/diyaluma.jpg&experience=%5B%7B%22heading%22%3A%22Starting%20location%22%2C%22text%22%3A%22Koggala%2C%20Galle%2C%20Ahangama%2C%20Weligama%2C%20Unawatuna%2C%20Mirissa%22%7D%2C%7B%22heading%22%3A%22Car%22%2C%22text%22%3A%22(3.5%20hours)%22%7D%2C%7B%22heading%22%3A%22Diyaluma%20Water%20Falls%22%2C%22text%22%3A%22Hiking%2C%20Scenic%20views%20on%20the%20way%22%7D%2C%7B%22heading%22%3A%22Car%22%2C%22text%22%3A%22(3.5%20hours)%22%7D%2C%7B%22heading%22%3A%22Arrive%20back%20at%3A%22%2C%22text%22%3A%22Galle%2C%20Koggala%2C%20Weligama%2C%20Ahangama%2C%20Mirissa%2C%20Unawatuna%22%7D%5D","Day Trip","Day excursion to Diyaluma waterfall from Galle Weligama","New activity","New activity","private tour","hours","Per Person Approximately","$ 74.00","Description","Below are the locations for your day trip","Below are the locations for your day trip1.Diyaluma WaterfallExplore the breathtaking natural wonders of Sri Lanka with our exclusive tour starting from the Galle area. Your adventure begins with a convenient hotel pick-up, ensuring a hassle-free start to your journeyEmbark on an unforgettable excursion to witness the majestic Diyaluma Waterfall, boasting a staggering 220-meter cascade. Awe will be instilled in you as you get closer to this breathtaking example of natural beauty and grandeur. Experience the mist on your face as the tumbling waters produce an enchanting scene amidst the verdant surroundings.Discover Sri Lanka's beauty with you hotel pick-up! Marvel at Diyaluma Waterfall's 220m cascade, A day of nature and memories awaitsthe chance to decompress and rest amid the wonders of Mother Nature. This tour promises an enriching experience full of wonder and exploration, whether you're a nature enthusiast, adventure seeker, or just looking for a peaceful getaway.Come along for an exciting day filled with exploration, adventure, and life-changing experiences as we travel to one of Sri Lanka's most well-known natural sites. Make your tour reservation right away, and get ready to be mesmerized by Diyaluma Waterfall's splendor.","Explore the breathtaking natural wonders of Sri Lanka with our exclusive tour starting from the Galle area. Your adventure begins with a convenient hotel pick-up, ensuring a hassle-free start to your journey","Booking","Price Breakdown","$ 148.00","Adult 1 x $ 148.00","Adult 1 x $ 148.00$ 148.00","","https://www.airporttaxis.lk/_next/image?url=%2FDayTrips%2Fdiyaluma.jpg&w=3840&q=75"
"1772262286-15","https://www.airporttaxis.lk/day-trips","Colombo & Negombo To Galle | Hikkaduwa | Mirissa Day Tour","From $ 65.00Per Person","10 hours","private tour","","Per Person","New activity","","https://www.airporttaxis.lk/_next/image?url=%2FDayTrips%2Fbentota2.jpg&w=3840&q=75","private tourColombo & Negombo To Galle | Hikkaduwa | Mirissa Day Tour10 hoursNew activityFrom $ 65.00Per Person","https://www.airporttaxis.lk/day-trips/Colombo%20&%20Negombo%20To%20Galle%20%7C%20Hikkaduwa%20%7C%20Mirissa%20Day%20Tour?type=private%20tour&minduration=10&maxduration=null&initialPrice=null&discountedPrice=65&tags=New%20activity&img=/DayTrips/bentota2.jpg&experience=%5B%7B%22heading%22%3A%22Starting%20location%22%2C%22text%22%3A%22Avengard%20Hotels%22%7D%2C%7B%22heading%22%3A%22Car%22%2C%22text%22%3A%22(2%20hours)%22%7D%2C%7B%22heading%22%3A%22Kosgoda%20Sea%20Turtle%20Conservation%22%2C%22text%22%3A%22Visit%2C%20Free%20time%2C%20Sightseeing%2C%20Walk%22%7D%2C%7B%22heading%22%3A%22Kosgoda%20Sea%20Turtle%20Conservation%22%2C%22text%22%3A%22Visit%2C%20Guided%20tour%2C%20Walk%20(1%20hour)%22%7D%2C%7B%22heading%22%3A%22Car%22%2C%22text%22%3A%22(20%20minutes)%22%7D%2C%7B%22heading%22%3A%22Madu%20Ganga%22%2C%22text%22%3A%22Boat%20cruise%20(2%20hours)%22%7D%2C%7B%22heading%22%3A%22Car%22%2C%22text%22%3A%22(30%20minutes)%22%7D%2C%7B%22heading%22%3A%22Lunuganga%20Geoffrey%20Bawa%E2%80%99s%20Country%20Estate%22%2C%22text%22%3A%22Visit%2C%20Free%20time%2C%20Sightseeing%2C%20Walk%22%7D%2C%7B%22heading%22%3A%22Car%22%2C%22text%22%3A%22(2.5%20hours)%22%7D%2C%7B%22heading%22%3A%22Arrive%20back%20at%3A%22%2C%22text%22%3A%22Avengard%20Hotels%22%7D%5D","Day Trip","Colombo & Negombo To Galle | Hikkaduwa | Mirissa Day Tour","New activity","New activity","private tour","hours","Per Person Approximately","$ 65.00","Description","Below are the locations for your day trip","Below are the locations for your day trip1.Galle Fort2.Maadu lake3.Turtle conservation project in Kosgoda4.Unawatuna Beach5.Stilt FishermanThe itinerary begins with a visit to Galle Fort, where guests can walk along the historic walls and take memorable photos with guidance from their tour guide. The next stop is the Madu Ganga Biodiversity Area in Balapitiya, offering an exciting mangrove boat safari. During this trip, visitors can enjoy a fish foot massage and observe various wildlife such as crocodiles, large lizards, and numerous bird species.The tour continues to the Kosgoda Sea Turtle Conservation Project, where participants can learn about and witness the conservation efforts for sea turtles. Here, the team cares for the eggs and young turtles for up to five years before releasing them back into the wild. Afterward, lunch is served at a highly-rated beachside restaurant on Unawatuna Beach, where visitors can also enjoy a relaxing walk along the coast.Following lunch, the tour heads back to Galle Fort to visit the iconic lighthouse and take more photographs. Another unique experience is offered at Koggala, where guests can try stilt fishing, a traditional method of fishing in Sri Lanka. The journey then proceeds to the Japanese Peace Pagoda in Rumassala, and concludes with a brief stop at the Sea Turtle Farm in Galle Mahamodara, further highlighting the region's efforts in sea turtle conservation.","The itinerary begins with a visit to Galle Fort, where guests can walk along the historic walls and take memorable photos with guidance from their tour guide. The next stop is the Madu Ganga Biodiversity Area in Balapitiya, offering an exciting mangrove boat safari. During this trip, visitors can enjoy a fish foot massage and observe various wildlife such as crocodiles, large lizards, and numerous bird species.","Booking","Price Breakdown","$ 130.00","Adult 1 x $ 130.00","Adult 1 x $ 130.00$ 130.00","","https://www.airporttaxis.lk/_next/image?url=%2FDayTrips%2Fbentota2.jpg&w=3840&q=75"
"1772262288-16","https://www.airporttaxis.lk/day-trips","Colombo & Negombo To Galle | Hikkaduwa | Mirissa Day Tour","From $ 94.56Per Person","8 hours","private tour","From $ 105.18","Per Person","New activity","","https://www.airporttaxis.lk/_next/image?url=%2FDayTrips%2Fgalle3.jpg&w=3840&q=75","private tourColombo & Negombo To Galle | Hikkaduwa | Mirissa Day Tour8 hoursNew activityFrom $ 105.18From $ 94.56Per Person","https://www.airporttaxis.lk/day-trips/Colombo%20&%20Negombo%20To%20Galle%20%7C%20Hikkaduwa%20%7C%20Mirissa%20Day%20Tour?type=private%20tour&minduration=8&maxduration=null&initialPrice=105.18&discountedPrice=94.56&tags=New%20activity&img=/DayTrips/galle3.jpg&experience=%5B%7B%22heading%22%3A%22Starting%20location%22%2C%22text%22%3A%22Negombo%2C%20Colombo%2C%20Western%20Province%22%7D%2C%7B%22heading%22%3A%22Car%22%2C%22text%22%3A%22(2%20hours)%22%7D%2C%7B%22heading%22%3A%22Madu%20Ganga%22%2C%22text%22%3A%22Guided%20tour%2C%20Sightseeing%2C%20Scenic%20views%20on%20the%20way%20(1%20hour)%22%7D%2C%7B%22heading%22%3A%22Kosgoda%20Sea%20Turtle%20Conservation%22%2C%22text%22%3A%22Visit%2C%20Guided%20tour%2C%20Walk%20(1%20hour)%22%7D%2C%7B%22heading%22%3A%22Unawatuna%20Beach%22%2C%22text%22%3A%22Break%20time%2C%20Lunch%2C%20Free%20time%20(1%20hour)%22%7D%2C%7B%22heading%22%3A%22Galle%20Fort%22%2C%22text%22%3A%22Visit%2C%20Sightseeing%2C%20Walk%20(1%20hour)%22%7D%2C%7B%22heading%22%3A%22Secret%20stop%22%2C%22text%22%3A%22Visit%20(30%20minutes)%22%7D%2C%7B%22heading%22%3A%22Arrive%20back%20at%3A%22%2C%22text%22%3A%22Colombo%2C%20Negombo%2C%20Western%20Province%22%7D%5D","Day Trip","Colombo & Negombo To Galle | Hikkaduwa | Mirissa Day Tour","New activity","New activity","private tour","hours","Per Person Approximately","$ 94.56","Description","Below are the locations for your day trip","Below are the locations for your day trip1.Galle Fort2.Maadu lake3.Turtle conservation project in Kosgoda4.Unawatuna Beach5.Stilt FishermanThe itinerary begins with a visit to Galle Fort, where guests can walk along the historic walls and take memorable photos with guidance from their tour guide. The next stop is the Madu Ganga Biodiversity Area in Balapitiya, offering an exciting mangrove boat safari. During this trip, visitors can enjoy a fish foot massage and observe various wildlife such as crocodiles, large lizards, and numerous bird species.The tour continues to the Kosgoda Sea Turtle Conservation Project, where participants can learn about and witness the conservation efforts for sea turtles. Here, the team cares for the eggs and young turtles for up to five years before releasing them back into the wild. Afterward, lunch is served at a highly-rated beachside restaurant on Unawatuna Beach, where visitors can also enjoy a relaxing walk along the coast.Following lunch, the tour heads back to Galle Fort to visit the iconic lighthouse and take more photographs. Another unique experience is offered at Koggala, where guests can try stilt fishing, a traditional method of fishing in Sri Lanka. The journey then proceeds to the Japanese Peace Pagoda in Rumassala, and concludes with a brief stop at the Sea Turtle Farm in Galle Mahamodara, further highlighting the region's efforts in sea turtle conservation.","The itinerary begins with a visit to Galle Fort, where guests can walk along the historic walls and take memorable photos with guidance from their tour guide. The next stop is the Madu Ganga Biodiversity Area in Balapitiya, offering an exciting mangrove boat safari. During this trip, visitors can enjoy a fish foot massage and observe various wildlife such as crocodiles, large lizards, and numerous bird species.","Booking","Price Breakdown","$ 189.12","Adult 1 x $ 189.12","Adult 1 x $ 189.12$ 189.12","$ 105.18","https://www.airporttaxis.lk/_next/image?url=%2FDayTrips%2Fgalle3.jpg&w=3840&q=75"
"1772262291-17","https://www.airporttaxis.lk/day-trips","From Negombo: Ambuluwawa Tower & Tea Factory,Kandy Day Trip","From $ 67.55Per Person","15 hours","private tour","From $ 77.35","Per Person","New activity","","https://www.airporttaxis.lk/_next/image?url=%2FDayTrips%2Fambuluwawa.jpg&w=3840&q=75","private tourFrom Negombo: Ambuluwawa Tower & Tea Factory,Kandy Day Trip15 hoursNew activityFrom $ 77.35From $ 67.55Per Person","https://www.airporttaxis.lk/day-trips/From%20Negombo:%20Ambuluwawa%20Tower%20&%20Tea%20Factory,Kandy%20Day%20Trip?type=private%20tour&minduration=15&maxduration=null&initialPrice=77.35&discountedPrice=67.55&tags=New%20activity&img=/DayTrips/ambuluwawa.jpg&experience=%5B%7B%22heading%22%3A%22Starting%20location%22%2C%22text%22%3A%22Kochchikade%2C%20Dankotuwa%2C%20Waikkal%2C%20Katunayake%2C%20Seeduwa%2C%20Kimbulapitiya%2C%20Andiambalama%2C%20Katana%2C%20Negombo%2C%20Minuwangoda%22%7D%2C%7B%22heading%22%3A%22Pinnawala%20Elephant%20Orphanage%22%2C%22text%22%3A%22Photo%20stop%2C%20Visit%2C%20Guided%20tour%2C%20Sightseeing%22%7D%2C%7B%22heading%22%3A%22Mawanella%22%2C%22text%22%3A%22Photo%20stop%2C%20Visit%2C%20Guided%20tour%2C%20Sightseeing%22%7D%2C%7B%22heading%22%3A%22Ambuluwawa%20Tower%22%2C%22text%22%3A%22Photo%20stop%2C%20Visit%2C%20Guided%20tour%2C%20Sightseeing%22%7D%2C%7B%22heading%22%3A%22The%20Tea%20Factory%20%26%20The%20Tea%20Museum%22%2C%22text%22%3A%22Photo%20stop%2C%20Visit%2C%20Guided%20tour%2C%20Sightseeing%22%7D%2C%7B%22heading%22%3A%22Gem%20Museum%22%2C%22text%22%3A%22Photo%20stop%2C%20Visit%2C%20Guided%20tour%2C%20Sightseeing%22%7D%2C%7B%22heading%22%3A%22Temple%20of%20the%20Sacred%20Tooth%20Relic%22%2C%22text%22%3A%22Photo%20stop%2C%20Visit%2C%20Guided%20tour%2C%20Sightseeing%22%7D%2C%7B%22heading%22%3A%22Kandy%20Lake%20Club%22%2C%22text%22%3A%22Photo%20stop%2C%20Visit%2C%20Guided%20tour%2C%20Sightseeing%22%7D%2C%7B%22heading%22%3A%22View%20point%22%2C%22text%22%3A%22Photo%20stop%2C%20Visit%2C%20Guided%20tour%2C%20Sightseeing%22%7D%2C%7B%22heading%22%3A%22Kandy%22%2C%22text%22%3A%22Photo%20stop%2C%20Visit%2C%20Guided%20tour%2C%20Sightseeing%22%7D%2C%7B%22heading%22%3A%22Arrive%20back%20at%3A%22%2C%22text%22%3A%22Andiambalama%2C%20Katana%2C%20Waikkal%2C%20Dankotuwa%2C%20Kimbulapitiya%2C%20Minuwangoda%2C%20Katunayake%2C%20Seeduwa%2C%20Kochchikade%2C%20Negombo%22%7D%5D","Day Trip","From Negombo: Ambuluwawa Tower & Tea Factory,Kandy Day Trip","New activity","New activity","private tour","hours","Per Person Approximately","$ 67.55","Description","Below are the locations for your day trip","Below are the locations for your day trip1.Ambuluwawa Tower2.Pinnawala Elephant Orphanage3.Tour a tea factory & tea estate4.Tooth relic of Buddha at the Temple of the Tooth5.Royal Botanical Garden & Gem MuseumBenefit from pickup at your hotel in Negombo, and then relax in a private air-conditioned vehicle on the journey to Ambuluwawa Tower & Pinnwala Elephant Orphanage & Tea Factory & Kandy","Benefit from pickup at your hotel in Negombo, and then relax in a private air-conditioned vehicle on the journey to Ambuluwawa Tower & Pinnwala Elephant Orphanage & Tea Factory & Kandy","Booking","Price Breakdown","$ 135.10","Adult 1 x $ 135.10","Adult 1 x $ 135.10$ 135.10","$ 77.35","https://www.airporttaxis.lk/_next/image?url=%2FDayTrips%2Fambuluwawa.jpg&w=3840&q=75"
"1772262294-18","https://www.airporttaxis.lk/day-trips","From Negombo: Sigiriya Dambulla and Village Safari Day Tour","From $ 80.00Per Person","24 hours","private tour","From $ 89.00","Per Person","New activity","","https://www.airporttaxis.lk/_next/image?url=%2FDayTrips%2Fsigiriya4.jpg&w=3840&q=75","private tourFrom Negombo: Sigiriya Dambulla and Village Safari Day Tour24 hoursNew activityFrom $ 89.00From $ 80.00Per Person","https://www.airporttaxis.lk/day-trips/From%20Negombo:%20Sigiriya%20Dambulla%20and%20Village%20Safari%20Day%20Tour?type=private%20tour&minduration=24&maxduration=null&initialPrice=89&discountedPrice=80&tags=New%20activity&img=/DayTrips/sigiriya4.jpg&experience=%5B%7B%22heading%22%3A%22Starting%20location%22%2C%22text%22%3A%22Negombo%22%7D%2C%7B%22heading%22%3A%22Car%22%2C%22text%22%3A%22(3.5%20hours)%22%7D%2C%7B%22heading%22%3A%22Sigiriya%20Lion%20Rock%22%2C%22text%22%3A%22Visit%2C%20Sightseeing%2C%20Sunrise%20(2.5%20hours)%22%7D%2C%7B%22heading%22%3A%22Habarana%22%2C%22text%22%3A%22Visit%2C%20Walk%2C%20Food%20tasting%20(1%20hour)%22%7D%2C%7B%22heading%22%3A%22Minneriya%22%2C%22text%22%3A%22Sightseeing%2C%20Game%20drive%2C%20Wildlife%20viewing%20(4%20hours)%22%7D%2C%7B%22heading%22%3A%22Dambulla%20Royal%20Cave%20Temple%20and%20Golden%20Temple%22%2C%22text%22%3A%22Visit%2C%20Sightseeing%20(1.5%20hours)%22%7D%2C%7B%22heading%22%3A%22Arrive%20back%20at%3A%22%2C%22text%22%3A%22Negombo%22%7D%5D","Day Trip","From Negombo: Sigiriya Dambulla and Village Safari Day Tour","New activity","New activity","private tour","hours","Per Person Approximately","$ 80.00","Description","Below are the locations for your day trip","Below are the locations for your day trip1.Sigiriya Lion Rock2.Habarana Village Tour3.Minneriya or Kaudulla National Park Jeep Safari4.Dambulla Cave Temple and Golden Temple5.Sri Lanka Spice Garden (Optional)Begin with a visit to the iconic Sigiriya Lion Rock, soaking in its historical charm at sunrise. Dive into village life in Habarana, experiencing traditional Sri Lankan cookingContinue the journey with a thrilling four-hour jeep safari at either Minneriya or Hurulu Eco National Park, home to South Asia's largest elephant gathering and diverse wildlife. On the way back to Negombo, visit the Dambulla Cave Temple for a cultural touch.Wrap up your day with memories of ancient Sigiriya, village warmth, and wildlife encounters. Join us for a professionally curated adventure, seamlessly blending culture and nature for a day to remember.","Begin with a visit to the iconic Sigiriya Lion Rock, soaking in its historical charm at sunrise. Dive into village life in Habarana, experiencing traditional Sri Lankan cooking","Booking","Price Breakdown","$ 160.00","Adult 1 x $ 160.00","Adult 1 x $ 160.00$ 160.00","$ 89.00","https://www.airporttaxis.lk/_next/image?url=%2FDayTrips%2Fsigiriya4.jpg&w=3840&q=75"
"1772262296-19","https://www.airporttaxis.lk/day-trips","From Negombo: Southern Coast Highlights Private Day Tour","From $ 120.00Per Person","12 hours","private tour","","Per Person","Pickup available","New activity","https://www.airporttaxis.lk/_next/image?url=%2FDayTrips%2Fgalle2.jpg&w=3840&q=75","private tourFrom Negombo: Southern Coast Highlights Private Day Tour12 hoursPickup availableNew activityFrom $ 120.00Per Person","https://www.airporttaxis.lk/day-trips/From%20Negombo:%20Southern%20Coast%20Highlights%20Private%20Day%20Tour?type=private%20tour&minduration=12&maxduration=null&initialPrice=null&discountedPrice=120&tags=Pickup%20available,New%20activity&img=/DayTrips/galle2.jpg&experience=%5B%7B%22heading%22%3A%22Starting%20location%22%2C%22text%22%3A%22Negombo%22%7D%2C%7B%22heading%22%3A%22Handunugoda%20Tea%20Estate%22%2C%22text%22%3A%22Guided%20tour%20(2%20hours)%22%7D%2C%7B%22heading%22%3A%22Ahangama%22%2C%22text%22%3A%22Photo%20stop%20(15%20minutes)%22%7D%2C%7B%22heading%22%3A%22Galle%22%2C%22text%22%3A%22Lunch%20(30%20minutes)%22%7D%2C%7B%22heading%22%3A%22Galle%20Fort%22%2C%22text%22%3A%22Guided%20tour%20(2%20hours)%22%7D%2C%7B%22heading%22%3A%22Kosgoda%20Turtle%20Conservation%20and%20Research%20Centre%22%2C%22text%22%3A%22Visit%20(1%20hour)%22%7D%2C%7B%22heading%22%3A%22Arrive%20back%20at%3A%22%2C%22text%22%3A%22Negombo%22%7D%5D","Day Trip","From Negombo: Southern Coast Highlights Private Day Tour","Pickup availableNew activity","Pickup available","private tour","hours","Per Person Approximately","$ 120.00","Description","Below are the locations for your day trip","Below are the locations for your day trip1.Handunugoda Tea Factory2.Fishing at Ahangama3.Colonial city of Galle4.Kosgoda Turtle HatcheryStart your day tour with pickup from your hotel in Negombo at 6:30 AM. The first stop on your tour itinerary will be the Handunugoda Tea Factory which you will reach at approximately 9:30 AM. The Handunugoda Tea Factory reawakened the ancient Chinese tradition of creating Virgin White Tea, which is untouched by human hands during the manufacturing process. During the one-and-a-half-hour tour of the factory, see how this mysterious process takes place to create one of the top luxury teas in the world.Travel next to Ahangama to meet the stilt fishermen, who are one of the most iconic figures of Sri Lanka. Learn how they practice this unique and intricate fishing technique from a local practitioner of this ancient tradition.At approximately 12:00 PM you will stop for a lunch at your own expense in a place of your choosing, before reaching Galle at 2:00 PM. This coastal city has withstood three foreign invasions; during which time, it grew from a bustling port which was the main stop for ships travelling east, to a fortified and yet beautiful city with many monuments which have withstood the ravages of time. See the Galle Fort which is a UNESCO World Heritage Site, the Galle Lighthouse, the National Maritime Museum, the picturesque cobblestoned streets, and many more colonial remnants.Leave Galle at 3:30 PM to visit the Kosgoda Turtle Hatchery, a journey that takes approximately 1 hour. Learn about the 5 types of sea turtles that visit Sri Lanka for nesting, and how the nests are protected. You will be able to see and touch baby turtles and view some of the fully-grown turtles that are treated for injuries and ailments. Return to your hotel by 8:30 PM to complete the excursion.","Start your day tour with pickup from your hotel in Negombo at 6:30 AM. The first stop on your tour itinerary will be the Handunugoda Tea Factory which you will reach at approximately 9:30 AM. The Handunugoda Tea Factory reawakened the ancient Chinese tradition of creating Virgin White Tea, which is untouched by human hands during the manufacturing process. During the one-and-a-half-hour tour of the factory, see how this mysterious process takes place to create one of the top luxury teas in the world.","Booking","Price Breakdown","$ 240.00","Adult 1 x $ 240.00","Adult 1 x $ 240.00$ 240.00","","https://www.airporttaxis.lk/_next/image?url=%2FDayTrips%2Fgalle2.jpg&w=3840&q=75"
"1772262300-20","https://www.airporttaxis.lk/day-trips","Colombo Private Day Tour and shopping","From $ 26.25Per Person","24 hours","private tour","","Per Person","Pickup available","New activity","https://www.airporttaxis.lk/_next/image?url=%2FDayTrips%2Fcolombo2.jpg&w=3840&q=75","private tourColombo Private Day Tour and shopping24 hoursPickup availableNew activityFrom $ 26.25Per Person","https://www.airporttaxis.lk/day-trips/Colombo%20Private%20Day%20Tour%20and%20shopping?type=private%20tour&minduration=24&maxduration=null&initialPrice=null&discountedPrice=26.25&tags=Pickup%20available,New%20activity&img=/DayTrips/colombo2.jpg&experience=%5B%7B%22heading%22%3A%22Starting%20location%22%2C%22text%22%3A%22Colombo%2C%20Mirissa%2C%20Negombo%2C%20Induruwa%2C%20Unawatuna%2C%20Marawila%2C%20Galle%2C%20Weligama%2C%20Bentota%2C%20Ahungalla%2C%20Wadduwa%2C%20Kalutara%2C%20Kandy%2C%20Kosgoda%2C%20Ambalangoda%2C%20Hikkaduwa%22%7D%2C%7B%22heading%22%3A%22Independence%20Square%2C%20Colombo%22%2C%22text%22%3A%22Visit%20(40%20minutes)%22%7D%2C%7B%22heading%22%3A%22Gangaramaya%20Temple%22%2C%22text%22%3A%22(30%20minutes)%22%7D%2C%7B%22heading%22%3A%22View%20point%22%2C%22text%22%3A%22(20%20minutes)%22%7D%2C%7B%22heading%22%3A%22Old%20Parliament%20House%22%2C%22text%22%3A%22Photo%20stop%20(10%20minutes)%22%7D%2C%7B%22heading%22%3A%22Colombo%20Lighthouse%22%2C%22text%22%3A%22Photo%20stop%20(10%20minutes)%22%7D%2C%7B%22heading%22%3A%22Old%20Town%20Hall%20Building%22%2C%22text%22%3A%22Photo%20stop%20(10%20minutes)%22%7D%2C%7B%22heading%22%3A%22Jami%20Ul-Alfar%20Mosque%22%2C%22text%22%3A%22Photo%20stop%20(10%20minutes)%22%7D%2C%7B%22heading%22%3A%22Colombo%20Lotus%20Tower%22%2C%22text%22%3A%22(20%20minutes)%22%7D%2C%7B%22heading%22%3A%22Colombo%22%2C%22text%22%3A%22Shopping%20(1%20hour)%22%7D%2C%7B%22heading%22%3A%22Arrive%20back%20at%3A%22%2C%22text%22%3A%22Marawila%2C%20Induruwa%2C%20Kalutara%2C%20Galle%2C%20Wadduwa%2C%20Ahungalla%2C%20Weligama%2C%20Bentota%2C%20Kosgoda%2C%20Unawatuna%2C%20Colombo%2C%20Negombo%2C%20Kandy%2C%20Mirissa%2C%20Ambalangoda%2C%20Hikkaduwa%22%7D%5D","Day Trip","Colombo Private Day Tour and shopping","Pickup availableNew activity","Pickup available","private tour","hours","Per Person Approximately","$ 26.25","Description","Below are the locations for your day trip","Below are the locations for your day trip1.Independence Square2.National Museum3.Gangarama Temple4.The Lotus Tower5.Old Parliment Building and Colombo Lighthouse6.Colombo Petta public marketThe Colombo one-day city tour offers a captivating glimpse into the vibrant capital of Sri Lanka, blending modernity with a rich historical and cultural tapestry. A bustling metropolis situated on the west coast of the island, Colombo is a fascinating mix of colonial charm, contemporary architecture, and lively local markets.Begin your day at Independence Square, a symbolic location that commemorates Sri Lanka's independence from British rule in 1948. The picturesque square features a monument and a surrounding park, providing a serene start to your exploration.Next, head to the National Museum of Colombo, where you can delve into the island's history. The museum houses a diverse collection, including artifacts from ancient kingdoms, traditional art, and exhibits on Sri Lanka's colonial past.Venture to Gangaramaya Temple, a prominent Buddhist temple that seamlessly integrates various architectural styles. The temple complex includes a museum, a library, and a sacred Bodhi tree, making it a spiritual and cultural hub.In the afternoon, immerse yourself in the vibrant chaos of Pettah Market. This bustling commercial area is a labyrinth of narrow streets filled with shops selling spices, textiles, jewelry, and an array of other goods. It's a sensory delight, and bargaining is a common practice.Explore the architectural beauty of the Old Parliament Building, a colonial-era structure with neoclassical influences. Adjacent to it stands the Colombo Lighthouse, offering a panoramic view of the city and the Indian Ocean.Lotus Tower is a prominent architectural landmark located in Colombo, the capital city of Sri Lanka. Also known as the Nelum Kuluna in Sinhala, the Lotus Tower stands as one of the tallest structures in South Asia and serves various purposes, including telecommunications, observation, and tourism.Embarking on a shopping tour in Colombo, the vibrant capital city of Sri Lanka, is an exciting and rewarding experience. Colombo, with its blend of modernity and tradition, offers a diverse range of shopping opportunities that cater to various tastes and preferences. Whether you're seeking traditional handicrafts, high-end fashion, or unique souvenirs, Colombo has it all.According to this part visit textile shop, hand craft shop, gem and jewelry","The Colombo one-day city tour offers a captivating glimpse into the vibrant capital of Sri Lanka, blending modernity with a rich historical and cultural tapestry. A bustling metropolis situated on the west coast of the island, Colombo is a fascinating mix of colonial charm, contemporary architecture, and lively local markets.","Booking","Price Breakdown","$ 52.50","Adult 1 x $ 52.50","Adult 1 x $ 52.50$ 52.50","","https://www.airporttaxis.lk/_next/image?url=%2FDayTrips%2Fcolombo2.jpg&w=3840&q=75"
"1772262302-21","https://www.airporttaxis.lk/day-trips","Colombo Full day city tour","From $ 39.00Per Person","6 hours","day trip","","Per Person","Pickup available","New activity","https://www.airporttaxis.lk/_next/image?url=%2FDayTrips%2Fcolombo.jpg&w=3840&q=75","day tripColombo Full day city tour6 hoursPickup availableNew activityFrom $ 39.00Per Person","https://www.airporttaxis.lk/day-trips/Colombo%20Full%20day%20city%20tour?type=day%20trip&minduration=6&maxduration=null&initialPrice=null&discountedPrice=39&tags=Pickup%20available,New%20activity&img=/DayTrips/colombo.jpg&experience=%5B%5D","Day Trip","Colombo Full day city tour","Pickup availableNew activity","Pickup available","day trip","hours","Per Person Approximately","$ 39.00","Description","Below are the locations for your day trip","Below are the locations for your day trip1.Bandaranaike Memorial International Conference Hall (BMICH)2.Independence Square3.Colombo Museum4.Gangarama Temple5.The Lotus Tower6.Colombo Lighthouse7.Galle Face GreenStart your 6-hour city tour of Colombo with a visit to the famous Bandaranaike Memorial International Conference Hall (BMICH), which is renowned for its opulent architecture. Explore Independence Square, a representation of Sri Lankan independence, next.After learning about the island's lengthy history at the Colombo Museum, visit Gangarama Temple, a tranquil oasis in the middle of the busy city. The Lotus Tower, which provides sweeping city views, is not to be missed.Discover the colorful mayhem of Pettah Market and neighborhood bazaars—a sensory extravaganza. Admire the magnificent Fort Railway Station and the historic Colombo Lighthouse.Galle Face Green is a waterfront promenade that's ideal for relaxing. Following lunch, continue your journey with stops at Ponambalam Vaneswarar Temple and St. Anthony's Shrine, both of which provide insightful looks into local culture.Enjoy the memories as your tour comes to an end and you are driven back to your hotel, enhanced by the beauty and diversity of Colombo.","Start your 6-hour city tour of Colombo with a visit to the famous Bandaranaike Memorial International Conference Hall (BMICH), which is renowned for its opulent architecture. Explore Independence Square, a representation of Sri Lankan independence, next.","Booking","Price Breakdown","$ 78.00","Adult 1 x $ 78.00","Adult 1 x $ 78.00$ 78.00","","https://www.airporttaxis.lk/_next/image?url=%2FDayTrips%2Fcolombo.jpg&w=3840&q=75"
"1772262305-22","https://www.airporttaxis.lk/day-trips","Colombo: Galle and Bentota Day Trip From Colombo City","From $ 70.25Per Person","14 hours","private tour","From $ 74.00","Per Person","New activity","","https://www.airporttaxis.lk/_next/image?url=%2FDayTrips%2Fgalle.jpg&w=3840&q=75","private tourColombo: Galle and Bentota Day Trip From Colombo City14 hoursNew activityFrom $ 74.00From $ 70.25Per Person","https://www.airporttaxis.lk/day-trips/Colombo:%20Galle%20and%20Bentota%20Day%20Trip%20From%20Colombo%20City?type=private%20tour&minduration=14&maxduration=null&initialPrice=74&discountedPrice=70.25&tags=New%20activity&img=/DayTrips/galle.jpg&experience=%5B%7B%22heading%22%3A%22Starting%20location%22%2C%22text%22%3A%22Colombo%2C%20Dehiwala%2C%20Mount%20laviniya%20%2C%20Negombo%22%7D%2C%7B%22heading%22%3A%22Car%22%2C%22text%22%3A%22(1%20hours)%22%7D%2C%7B%22heading%22%3A%22Bentota%22%2C%22text%22%3A%22Visit%2C%20Sightseeing%20(15%20minutes)%22%7D%2C%7B%22heading%22%3A%22Car%22%2C%22text%22%3A%22(30%20minutes)%22%7D%2C%7B%22heading%22%3A%22Kosgoda%20Sea%20Turtle%20Conservation%22%2C%22text%22%3A%22Photo%20stop%2C%20Visit%2C%20Sightseeing%20(45%20minutes)%22%7D%2C%7B%22heading%22%3A%22Car%22%2C%22text%22%3A%22(20%20minutes)%22%7D%2C%7B%22heading%22%3A%22Madu%20Ganga%22%2C%22text%22%3A%22Photo%20stop%2C%20Visit%2C%20Sightseeing%20(1%20hour)%22%7D%2C%7B%22heading%22%3A%22Car%22%2C%22text%22%3A%22(20%20minutes)%22%7D%2C%7B%22heading%22%3A%22Hikkaduwa%20Beach%22%2C%22text%22%3A%22Photo%20stop%2C%20Visit%2C%20Sightseeing%20(1%20hour)%22%7D%2C%7B%22heading%22%3A%22Car%22%2C%22text%22%3A%22(20%20minutes)%22%7D%2C%7B%22heading%22%3A%22Galle%20Fort%22%2C%22text%22%3A%22Visit%2C%20Sightseeing%20(30%20minutes)%22%7D%2C%7B%22heading%22%3A%22Car%22%2C%22text%22%3A%22(1%20hour)%22%7D%2C%7B%22heading%22%3A%22Arrive%20back%20at%3A%22%2C%22text%22%3A%22Colombo%2C%20Dehiwala%2C%20Mount%20laviniya%20%2C%20Negombo%22%7D%5D","Day Trip","Colombo: Galle and Bentota Day Trip From Colombo City","New activity","New activity","private tour","hours","Per Person Approximately","$ 70.25","Description","Below are the locations for your day trip","Below are the locations for your day trip1.Turtle Hatchery2.Madu Ganga3.Local Cinnamon Garden4.stilt fishermen in actionDiscover the Madu Ganga River on a boat safari from Colombo. See the mangrove forests and marshlands that surround the river. Stop at a cinnamon garden, and try some of the area’s famous cinnamon. Visit a local turtle hatchery and the Galle Fort.After being picked up at your hotel, hop onboard your Madu Ganga Magrove boat safari and explore the Madu River. See the mangrove forests and marshlands that surround the river. Stop at a cinnamon garden, and try some of the area’s famous cinnamon. The Madu Ganga River region is home to some of the best quality cinnamon in the world as well as a flourishing cinnamon industry.Afterward, marvel at the fishermen who stoically sit atop large branches planted in the middle of the water waiting for their catch. Continue to a local Turtle Hatchery, where your guide will introduce you to the many local varieties of turtles.End your tour with a visit to the Galle Fort, a UNESCO World Heritage Site. This fort illustrates the unique interaction of European architecture and South Asian traditions from the 16th to the 19th centuries. After discovering the fort, you will be returned to your hotel in Colombo.","Discover the Madu Ganga River on a boat safari from Colombo. See the mangrove forests and marshlands that surround the river. Stop at a cinnamon garden, and try some of the area’s famous cinnamon. Visit a local turtle hatchery and the Galle Fort.","Booking","Price Breakdown","$ 140.50","Adult 1 x $ 140.50","Adult 1 x $ 140.50$ 140.50","$ 74.00","https://www.airporttaxis.lk/_next/image?url=%2FDayTrips%2Fgalle.jpg&w=3840&q=75"
"1772262308-23","https://www.airporttaxis.lk/day-trips","Private Sigiriya and Dambulla Day Tour from Colombo","From $ 94.00Per Person","14 hours","private tour","","Per Person","Pickup available","","https://www.airporttaxis.lk/_next/image?url=%2FDayTrips%2Fsigiriya3.jpg&w=3840&q=75","private tourPrivate Sigiriya and Dambulla Day Tour from Colombo14 hoursPickup availableFrom $ 94.00Per Person","https://www.airporttaxis.lk/day-trips/Private%20Sigiriya%20and%20Dambulla%20Day%20Tour%20from%20Colombo?type=private%20tour&minduration=14&maxduration=null&initialPrice=null&discountedPrice=94&tags=Pickup%20available&img=/DayTrips/sigiriya3.jpg&experience=%5B%7B%22heading%22%3A%22Pickup%20Location%20Options%22%2C%22text%22%3A%22Colombo%2C%20Negombo%2C%20Dehiwala%2C%20Mount%20Laviniya%20%2C%20Wennapuwa%22%7D%2C%7B%22heading%22%3A%22Car%22%2C%22text%22%3A%22(2.5%20hours)%22%7D%2C%7B%22heading%22%3A%22Dambulla%22%2C%22text%22%3A%22Breakfast%20(15%20minutes)%22%7D%2C%7B%22heading%22%3A%22Car%22%2C%22text%22%3A%22(25%20minutes)%22%7D%2C%7B%22heading%22%3A%22Dambulla%20Royal%20Cave%20Temple%20and%20Golden%20Temple%22%2C%22text%22%3A%22Visit%2C%20Sightseeing%2C%20Walk%20(45%20minutes)%22%7D%2C%7B%22heading%22%3A%22Car%22%2C%22text%22%3A%22(30%20minutes)%22%7D%2C%7B%22heading%22%3A%22Sigiriya%20Lion%20Rock%22%2C%22text%22%3A%22Visit%2C%20Guided%20tour%2C%20Sightseeing%2C%20Walk%20(2%20hours)%22%7D%2C%7B%22heading%22%3A%22Car%22%2C%22text%22%3A%22(10%20minutes)%22%7D%2C%7B%22heading%22%3A%22Sigiriya%22%2C%22text%22%3A%22Visit%2C%20Lunch%2C%20Walk%2C%20Local%20snacks%2C%20Self-guided%20tour%2C%20Regional%20food%20(1.5%20hours)%22%7D%2C%7B%22heading%22%3A%22Arrive%20back%20at%3A%22%2C%22text%22%3A%22Colombo%2C%20Negombo%2C%20Dehiwala%2C%20Mount%20Laviniya%20%2C%20Wennapuwa%22%7D%5D","Day Trip","Private Sigiriya and Dambulla Day Tour from Colombo","Pickup available","Pickup available","private tour","hours","Per Person Approximately","$ 94.00","Description","Below are the locations for your day trip","Below are the locations for your day trip1.Minneriya National Park2.Sigiriya Rock Fortress3.Dambulla Cave TempleDepart Colombo and travel by a Private vehicle, to the city of Sigiriya, and head directly to Sigiriya Rock on arrival. Gaze in awe at the massive column of rock that, according to the ancient Sri Lankan chronicle The Culavamsa, was selected by King Kassyapa as the site of his new capital.Admire numerous paintings of historic queens, princesses, and maids inside the rock fortress before getting a break for lunch at your own expense. Then, explore some of the traditional crafts of the region, such as wood carving and batik textiles, with time to purchase souvenirs before departing.Start the journey back towards Colombo via Dambulla to explore the largest and best-preserved cave temple complex in Sri Lanka. Discover the magnificent Buddha images and rock paintings of vivid colors and different shapes, painted from around the 2nd century B.C. up to the 18th-century Kandyan era.Optionally Can be done the Wild Life Safari at Eco Park or Kaudulla National Park or Minneriya National park charges for National Park very on Pax Count ( For solo Passengers $ 100 & $ 60 )","Depart Colombo and travel by a Private vehicle, to the city of Sigiriya, and head directly to Sigiriya Rock on arrival. Gaze in awe at the massive column of rock that, according to the ancient Sri Lankan chronicle The Culavamsa, was selected by King Kassyapa as the site of his new capital.","Booking","Price Breakdown","$ 188.00","Adult 1 x $ 188.00","Adult 1 x $ 188.00$ 188.00","","https://www.airporttaxis.lk/_next/image?url=%2FDayTrips%2Fsigiriya3.jpg&w=3840&q=75"
"1772262310-24","https://www.airporttaxis.lk/day-trips","From Colombo | Negambo : Sigiriya, Dambulla and Minneriya Day Trip","From $ 114.20Per Person","24 hours","private tour","From $ 127.00","Per Person","Small Groups","","https://www.airporttaxis.lk/_next/image?url=%2FDayTrips%2Fsigiriya2.jpg&w=3840&q=75","private tourFrom Colombo | Negambo : Sigiriya, Dambulla and Minneriya Day Trip24 hoursSmall GroupsFrom $ 127.00From $ 114.20Per Person","https://www.airporttaxis.lk/day-trips/From%20Colombo%20%7C%20Negambo%20:%20Sigiriya,%20Dambulla%20and%20Minneriya%20Day%20Trip?type=private%20tour&minduration=24&maxduration=null&initialPrice=127&discountedPrice=114.2&tags=Small%20Groups&img=/DayTrips/sigiriya2.jpg&experience=%5B%7B%22heading%22%3A%22Pickup%20Location%20Options%22%2C%22text%22%3A%22Colombo%2C%20Negombo%2C%20Dehiwala%2C%20Mount%20Laviniya%20%2C%20Wennapuwa%22%7D%2C%7B%22heading%22%3A%22Car%22%2C%22text%22%3A%22(3.5%20hours)%22%7D%2C%7B%22heading%22%3A%22Sigiriya%20Lion%20Rock%22%2C%22text%22%3A%22Visit%2C%20Guided%20tour%2C%20Sightseeing%20(2.5%20hours)%22%7D%2C%7B%22heading%22%3A%22Minneriya%20National%20Park%22%2C%22text%22%3A%22Visit%2C%20Wildlife%20viewing%20(4%20hours)%22%7D%2C%7B%22heading%22%3A%22Car%22%2C%22text%22%3A%22(30%20minutes)%22%7D%2C%7B%22heading%22%3A%22Dambulla%20Royal%20Cave%20Temple%20and%20Golden%20Temple%22%2C%22text%22%3A%22Visit%2C%20Sightseeing%20(1%20hour)%22%7D%2C%7B%22heading%22%3A%22Arrive%20back%20at%3A%22%2C%22text%22%3A%22Colombo%2C%20Negombo%2C%20Dehiwala%2C%20Mount%20Laviniya%20%2C%20Wennapuwa%22%7D%5D","Day Trip","From Colombo | Negambo : Sigiriya, Dambulla and Minneriya Day Trip","Small Groups","Small Groups","private tour","hours","Per Person Approximately","$ 114.20","Description","Below are the locations for your day trip","Below are the locations for your day trip1.Minneriya National Park2.Sigiriya Rock Fortress3.Dambulla Cave Temple4.HiriwadunnaExplore the Sigiriya Lion Rock Fortress and Minneriya National Park on a day trip from Colombo. Visit the Hiriwadunna Village and enjoy a Sri Lankan buffet, take a jeep safari in Minneriya National Park, and visit the Dambulla Cave Temple.Start your day with a visit to the Sigiriya Lion Rock Fortress, a UNESCO World Heritage Site and the 8th Wonder of the World. Climb to the top of the rock and admire the panoramic views of the surrounding areaNext, visit the Hiriwadunna Village and enjoy a Sri Lankan buffet. Take a village safari, starting with a bull cart ride, then go to the lake for a catamaran ride, and finally go to a village home. Enjoy a Sri Lankan rice and curry meal with a small cookery demonstration.After lunch, head to Minneriya National Park for a 4-hour jeep safari. See herds of elephants as they walk 35 km every day. During the season, visit the Hurulu Eco Park near Minneriya.On your way back to Colombo, stop at the historical Dambulla Cave Temple and Golden Temple.","Explore the Sigiriya Lion Rock Fortress and Minneriya National Park on a day trip from Colombo. Visit the Hiriwadunna Village and enjoy a Sri Lankan buffet, take a jeep safari in Minneriya National Park, and visit the Dambulla Cave Temple.","Booking","Price Breakdown","$ 228.40","Adult 1 x $ 228.40","Adult 1 x $ 228.40$ 228.40","$ 127.00","https://www.airporttaxis.lk/_next/image?url=%2FDayTrips%2Fsigiriya2.jpg&w=3840&q=75"
"1772262313-25","https://www.airporttaxis.lk/day-trips","From Colombo : Galle and Bentota Day Tour","From $ 50.22Per Person","12 hours","day trip","","Per Person","New activity","","https://www.airporttaxis.lk/_next/image?url=%2FDayTrips%2Fbentota.jpg&w=3840&q=75","day tripFrom Colombo : Galle and Bentota Day Tour12 hoursNew activityFrom $ 50.22Per Person","https://www.airporttaxis.lk/day-trips/From%20Colombo%20:%20Galle%20and%20Bentota%20Day%20Tour?type=day%20trip&minduration=12&maxduration=null&initialPrice=null&discountedPrice=50.22&tags=New%20activity&img=/DayTrips/bentota.jpg&experience=%5B%5D","Day Trip","From Colombo : Galle and Bentota Day Tour","New activity","New activity","day trip","hours","Per Person Approximately","$ 50.22","Description","Below are the locations for your day trip","Below are the locations for your day trip1.Madu Ganga2.Local Cinnamon Garden3.Stilt fishermen in actionStart your day with a convenient pickup from your hotel. Hop aboard your comfortable tour vehicle and experience the wonders of Sri Lanka's Madu Ganga River Region with a thrilling boat safari. Witness the beauty of mangrove forests and marshlands as you sail through the Madu River. Discover the secrets of cinnamon at a local garden and taste the renowned spice.Be captivated by skilled fishermen perched on branches, patiently waiting for their catch. At the Turtle Hatchery, meet various turtle species and learn about their conservation efforts.The tour concludes with a visit to the UNESCO-listed Galle Fort, a remarkable blend of European and South Asian architecture spanning centuries. After this unforgettable journey, you'll be safely returned to your Colombo hotel. Don't miss this opportunity to immerse yourself in nature, culture, and history.","Start your day with a convenient pickup from your hotel. Hop aboard your comfortable tour vehicle and experience the wonders of Sri Lanka's Madu Ganga River Region with a thrilling boat safari. Witness the beauty of mangrove forests and marshlands as you sail through the Madu River. Discover the secrets of cinnamon at a local garden and taste the renowned spice.","Booking","Price Breakdown","$ 100.44","Adult 1 x $ 100.44","Adult 1 x $ 100.44$ 100.44","","https://www.airporttaxis.lk/_next/image?url=%2FDayTrips%2Fbentota.jpg&w=3840&q=75"
"1772262315-26","https://www.airporttaxis.lk/day-trips","From Colombo : Sigiriya and Dambulla Day Trip and Safari","From $ 69.00Per Person","14 - 16 hours","day trip","","Per Person","Pickup available","","https://www.airporttaxis.lk/_next/image?url=%2FDayTrips%2Fsigiriya.jpg&w=3840&q=75","day tripFrom Colombo : Sigiriya and Dambulla Day Trip and Safari14 - 16 hoursPickup availableFrom $ 69.00Per Person","https://www.airporttaxis.lk/day-trips/From%20Colombo%20:%20Sigiriya%20and%20Dambulla%20Day%20Trip%20and%20Safari?type=day%20trip&minduration=14&maxduration=16&initialPrice=null&discountedPrice=69&tags=Pickup%20available&img=/DayTrips/sigiriya.jpg&experience=%5B%7B%22heading%22%3A%22Pickup%20Location%20Options%22%2C%22text%22%3A%22Colombo%2C%20Negambo%2C%20Kalutara%2C%20Bentota%2CHikkaduwa%2C%20Galle%22%7D%2C%7B%22heading%22%3A%22Kurunegala%22%2C%22text%22%3A%22Breakfast%20(30%20minutes)%22%7D%2C%7B%22heading%22%3A%22Dambulla%20Royal%20Cave%20Temple%20and%20Golden%20Temple%22%2C%22text%22%3A%22Visit%2C%20Sightseeing%2C%20Walk%2C%20Self-guided%20tour%20(1%20hour)%22%7D%2C%7B%22heading%22%3A%22Sigiriya%20Lion%20Rock%22%2C%22text%22%3A%22Guided%20tour%2C%20Sightseeing%2C%20Walk%20(2%20hours)%22%7D%2C%7B%22heading%22%3A%22Hiriwadunna%22%2C%22text%22%3A%22Lunch%2C%20Food%20tasting%20(2%20hours)%22%7D%2C%7B%22heading%22%3A%22Sigiriya%22%2C%22text%22%3A%22Wildlife%20viewing%20(2%20hours)%22%7D%2C%7B%22heading%22%3A%22drop-off%20locations%22%2C%22text%22%3A%22Colombo%2C%20Negambo%2C%20Kalutara%2C%20Bentota%2CHikkaduwa%2C%20Galle%22%7D%5D","Day Trip","From Colombo : Sigiriya and Dambulla Day Trip and Safari","Pickup available","Pickup available","day trip","-  16","Per Person Approximately","$ 69.00","Description","Below are the locations for your day trip","Below are the locations for your day tripDepart Colombo and travel by a shared vehicle, in a small group, to the city of Sigiriya, and head directly to Sigiriya Rock on arrival. Gaze in awe at the massive column of rock that, according to the ancient Sri Lankan chronicle The Culavamsa, was selected by King Kassyapa as the site of his new capital.Admire numerous paintings of historic queens, princesses, and maids inside the rock fortress before getting a break for lunch at your own expense. Then, explore some of the traditional crafts of the region, such as wood carving and batik textiles, with time to purchase souvenirs before departing.Start the journey back towards Colombo via Dambulla to explore the largest and best-preserved cave temple complex in Sri Lanka. Discover the magnificent Buddha images and rock paintings of vivid colors and different shapes, painted from around the 2nd century B.C. up to the 18th-century Kandyan eraOptionally Can be done the Wild Life Safari at Eco Park or Kaudulla National Park or Minneriya National park charges for National Park very on Pax Count ( For solo Passengers $ 100 & $ 60 )","Admire numerous paintings of historic queens, princesses, and maids inside the rock fortress before getting a break for lunch at your own expense. Then, explore some of the traditional crafts of the region, such as wood carving and batik textiles, with time to purchase souvenirs before departing.","Booking","Price Breakdown","$ 138.00","Adult 1 x $ 138.00","Adult 1 x $ 138.00$ 138.00","","https://www.airporttaxis.lk/_next/image?url=%2FDayTrips%2Fsigiriya.jpg&w=3840&q=75"
"1772262318-27","https://www.airporttaxis.lk/day-trips","From Colombo : Day Trip to Kandy | Pinnwala | Royal Gardens","From $ 50.63Per Person","13 hours","day trip","From $ 102.26","Per Person","Pickup available","New activity","https://www.airporttaxis.lk/_next/image?url=%2FDayTrips%2Fkandy.jpg&w=3840&q=75","day tripFrom Colombo : Day Trip to Kandy | Pinnwala | Royal Gardens13 hoursPickup availableNew activityFrom $ 102.26From $ 50.63Per Person","https://www.airporttaxis.lk/day-trips/From%20Colombo%20:%20Day%20Trip%20to%20Kandy%20%7C%20Pinnwala%20%7C%20Royal%20Gardens?type=day%20trip&minduration=13&maxduration=null&initialPrice=102.26&discountedPrice=50.63&tags=Pickup%20available,New%20activity&img=/DayTrips/kandy.jpg&experience=%5B%7B%22heading%22%3A%22Pickup%20Location%20Options%22%2C%22text%22%3A%22Colombo%2C%20Negombo%2C%20wadduwa%2C%20Mount%20Laviniya%22%7D%2C%7B%22heading%22%3A%22Kandy%22%2C%22text%22%3A%22Visit%2C%20Guided%20tour%2C%20Sightseeing%20(10%20hours)%22%7D%2C%7B%22heading%22%3A%22drop-off%20locations%22%2C%22text%22%3A%22Negambo%2C%20Colombo%2C%22%7D%5D","Day Trip","From Colombo : Day Trip to Kandy | Pinnwala | Royal Gardens","Pickup availableNew activity","Pickup available","day trip","hours","Per Person Approximately","$ 50.63","Description","Below are the locations for your day trip","Below are the locations for your day trip1.Pinnawala Elephant Orphanage2.Royal Botanical Gardens3.Temple of the Tooth in Kandy4.Kandy spice walk5.Tea factory tour6.Kandy View PointExperience the vibrant culture and natural beauty of Sri Lanka on this captivating tour from Colombo to Kandy. Your journey begins with a visit to the Pinnawala Elephant Orphanage, where you can observe and interact with orphaned elephants as they bathe and play in the river. This heartwarming experience offers a glimpse into the conservation efforts dedicated to protecting these magnificent creaturesContinue to the Temple of the Tooth in Kandy, a sacred Buddhist site that houses the relic of the tooth of the Buddha. Marvel at the intricate architecture and experience the spiritual atmosphere of this revered temple.Next, immerse yourself in the tranquility of the Royal Botanical Gardens in Peradeniya. Explore the vast collection of plants, including orchids, palms, and medicinal plants, while enjoying the peaceful ambiance of this botanical paradise.Afterwards, embark on a spice walk in Kandy, where you'll learn about the spices that are integral to Sri Lankan cuisine. Engage your senses as you smell and taste a variety of spices, gaining insight into their flavors and uses.Conclude your tour with a visit to a tea factory, where you'll learn about the process of tea production from leaf to cup. Discover the art of tea making and sample some of the finest Ceylon teaFinally, make your way to Kandy View Point, where you'll be rewarded with panoramic views of the city and its picturesque surroundings. Capture the breathtaking scenery and create lasting memories of your journey through Sri Lanka.The tour will conclude with drop-off at the same location in Colombo where you were picked up.","Experience the vibrant culture and natural beauty of Sri Lanka on this captivating tour from Colombo to Kandy. Your journey begins with a visit to the Pinnawala Elephant Orphanage, where you can observe and interact with orphaned elephants as they bathe and play in the river. This heartwarming experience offers a glimpse into the conservation efforts dedicated to protecting these magnificent creatures","Booking","Price Breakdown","$ 101.26","Adult 1 x $ 101.26","Adult 1 x $ 101.26$ 101.26","$ 102.26","https://www.airporttaxis.lk/_next/image?url=%2FDayTrips%2Fkandy.jpg&w=3840&q=75"
"1772262322-28","https://www.airporttaxis.lk/day-trips","Galle and Bentota Day-Tour From Colombo","From $ 59.00Per Person","12 hours","water activity","","Per Person","Pickup available","","https://www.airporttaxis.lk/_next/image?url=%2FDayTrips%2Fmaduriver.jpg&w=3840&q=75","water activityGalle and Bentota Day-Tour From Colombo12 hoursPickup availableFrom $ 59.00Per Person","https://www.airporttaxis.lk/day-trips/Galle%20and%20Bentota%20Day-Tour%20From%20Colombo?type=water%20activity&minduration=12&maxduration=null&initialPrice=null&discountedPrice=59&tags=Pickup%20available&img=/DayTrips/maduriver.jpg&experience=%5B%7B%22heading%22%3A%22Pickup%20Location%20Options%22%2C%22text%22%3A%22Colombo%20%2C%20Negombo%2C%20Dehiwala%2C%20Mount%20Laviniya%2C%20Wadduwa%2C%20Kalutara%22%7D%2C%7B%22heading%22%3A%22Car%22%2C%22text%22%3A%22(1%20hours)%22%7D%2C%7B%22heading%22%3A%22Bentota%22%2C%22text%22%3A%22Photo%20stop%20(10%20minutes)%22%7D%2C%7B%22heading%22%3A%22Car%22%2C%22text%22%3A%22(30%20minutes)%22%7D%2C%7B%22heading%22%3A%22Kosgoda%20Sea%20Turtle%20Conservation%22%2C%22text%22%3A%22Visit%20(45%20minutes)%22%7D%2C%7B%22heading%22%3A%22Madu%20Ganga%22%2C%22text%22%3A%22Boat%20cruise%20(105%20minutes)%22%7D%2C%7B%22heading%22%3A%22Car%22%2C%22text%22%3A%22(20%20minutes)%22%7D%2C%7B%22heading%22%3A%22Hikkaduwa%22%2C%22text%22%3A%22(30%20minutes)%22%7D%2C%7B%22heading%22%3A%22Galle%20Fort%22%2C%22text%22%3A%22Photo%20stop%2C%20Visit%2C%20Free%20time%2C%20Sightseeing%2C%20Walk%2C%20Sunset%2C%20Self-guided%20tour%2C%20Pass%20by%20(1%20hour)%22%7D%2C%7B%22heading%22%3A%22Arrive%20back%20at%22%2C%22text%22%3A%22Colombo%2C%20Negombo%2C%20Wadduwa%2C%20kalutara%2C%20Dehiwala%2C%20Mount%20Laviniya%22%7D%5D","Day Trip","Galle and Bentota Day-Tour From Colombo","Pickup available","Pickup available","water activity","hours","Per Person Approximately","$ 59.00","Description","Below are the locations for your day trip","Below are the locations for your day trip1.Madu Gaga2.Local Cinnamon Garden3.Turtle Sanctuary4.Stilt fishermen in action5.Galle FortAfter being picked up at your hotel, hop onboard your Madu Ganga Magrove boat safari and explore the Madu River. See the mangrove forests and marshlands that surround the river. Stop at a cinnamon garden, and try some of the area’s famous cinnamon. The Madu Ganga River region is home to some of the best quality cinnamon in the world as well as a flourishing cinnamon industry. Afterward, marvel at the fishermen who stoically sit atop large branches planted in the middle of the water waiting for their catch.Continue to a local Turtle Hatchery, where your guide will introduce you to the many local varieties of turtles. End your tour with a visit to the Galle Fort, a UNESCO World Heritage Site. This fort illustrates the unique interaction of European architecture and South Asian traditions from the 16th to the 19th centuries. After discovering the fort, you will be returned to your hotel in Colombo","After being picked up at your hotel, hop onboard your Madu Ganga Magrove boat safari and explore the Madu River. See the mangrove forests and marshlands that surround the river. Stop at a cinnamon garden, and try some of the area’s famous cinnamon. The Madu Ganga River region is home to some of the best quality cinnamon in the world as well as a flourishing cinnamon industry. Afterward, marvel at the fishermen who stoically sit atop large branches planted in the middle of the water waiting for their catch.","Booking","Price Breakdown","$ 118.00","Adult 1 x $ 118.00","Adult 1 x $ 118.00$ 118.00","","https://www.airporttaxis.lk/_next/image?url=%2FDayTrips%2Fmaduriver.jpg&w=3840&q=75"
